#
# There is insufficient memory for the Java Runtime Environment to continue.
# Native memory allocation (mmap) failed to map 65536 bytes for Failed to commit metaspace.
# Possible reasons:
#   The system is out of physical RAM or swap space
#   The process is running with CompressedOops enabled, and the Java Heap may be blocking the growth of the native heap
# Possible solutions:
#   Reduce memory load on the system
#   Increase physical memory or swap space
#   Check if swap backing store is full
#   Decrease Java heap size (-Xmx/-Xms)
#   Decrease number of Java threads
#   Decrease Java thread stack sizes (-Xss)
#   Set larger code cache with -XX:ReservedCodeCacheSize=
#   JVM is running with Zero Based Compressed Oops mode in which the Java heap is
#     placed in the first 32GB address space. The Java Heap base address is the
#     maximum limit for the native heap growth. Please use -XX:HeapBaseMinAddress
#     to set the Java Heap base and to place the Java Heap above 32GB virtual address.
# This output file may be truncated or incomplete.
#
#  Out of Memory Error (virtualSpaceNode.cpp:112), pid=7004, tid=14416
#
# JRE version: Java(TM) SE Runtime Environment (21.0.9+7) (build 21.0.9+7-LTS-338)
# Java VM: Java HotSpot(TM) 64-Bit Server VM (21.0.9+7-LTS-338, mixed mode, emulated-client, sharing, tiered, compressed oops, compressed class ptrs, g1 gc, windows-amd64)
# No core dump will be written. Minidumps are not enabled by default on client versions of Windows
#

---------------  S U M M A R Y ------------

Command Line: -XX:TieredStopAtLevel=1 com.zaphira.wallet.WalletServiceApplication

Host: Intel(R) Core(TM) i7-1065G7 CPU @ 1.30GHz, 8 cores, 15G,  Windows 11 , 64 bit Build 22621 (10.0.22621.5415)
Time: Wed Dec 24 05:05:52 2025 Morocco Daylight Time elapsed time: 1.628211 seconds (0d 0h 0m 1s)

---------------  T H R E A D  ---------------

Current thread (0x000001d2666e9ea0):  JavaThread "restartedMain"        [_thread_in_vm, id=14416, stack(0x000000c90a100000,0x000000c90a200000) (1024K)]

Stack: [0x000000c90a100000,0x000000c90a200000]
Native frames: (J=compiled Java code, j=interpreted, Vv=VM code, C=native code)
V  [jvm.dll+0x6cbf89]
V  [jvm.dll+0x858421]
V  [jvm.dll+0x85a94e]
V  [jvm.dll+0x85b023]
V  [jvm.dll+0x27ebc6]
V  [jvm.dll+0x85403e]
V  [jvm.dll+0x66fcf5]
V  [jvm.dll+0x1e4c4c]
V  [jvm.dll+0x1e4a1e]
V  [jvm.dll+0x672623]
V  [jvm.dll+0x672442]
V  [jvm.dll+0x6706ce]
V  [jvm.dll+0x67aa87]
V  [jvm.dll+0x2159b1]
V  [jvm.dll+0x215e3a]
V  [jvm.dll+0x216861]
V  [jvm.dll+0x20bcfe]
V  [jvm.dll+0x5aec2c]
V  [jvm.dll+0x7d2486]
V  [jvm.dll+0x4725b6]
V  [jvm.dll+0x478438]
C  [java.dll+0x17ec]

Java frames: (J=compiled Java code, j=interpreted, Vv=VM code)
J 753  java.lang.ClassLoader.defineClass1(Ljava/lang/ClassLoader;Ljava/lang/String;[BIILjava/security/ProtectionDomain;Ljava/lang/String;)Ljava/lang/Class; java.base@21.0.9 (0 bytes) @ 0x000001d25637d091 [0x000001d25637cfc0+0x00000000000000d1]
J 1109 c1 java.lang.ClassLoader.defineClass(Ljava/lang/String;[BIILjava/security/ProtectionDomain;)Ljava/lang/Class; java.base@21.0.9 (43 bytes) @ 0x000001d256412804 [0x000001d2564126e0+0x0000000000000124]
J 897 c1 jdk.internal.loader.BuiltinClassLoader.defineClass(Ljava/lang/String;Ljdk/internal/loader/Resource;)Ljava/lang/Class; java.base@21.0.9 (121 bytes) @ 0x000001d2563bdc24 [0x000001d2563bd6c0+0x0000000000000564]
J 894 c1 jdk.internal.loader.BuiltinClassLoader.findClassOnClassPathOrNull(Ljava/lang/String;)Ljava/lang/Class; java.base@21.0.9 (64 bytes) @ 0x000001d2563bc03c [0x000001d2563bbd60+0x00000000000002dc]
J 485 c1 jdk.internal.loader.BuiltinClassLoader.loadClassOrNull(Ljava/lang/String;Z)Ljava/lang/Class; java.base@21.0.9 (143 bytes) @ 0x000001d25630e00c [0x000001d25630dc00+0x000000000000040c]
J 774 c1 jdk.internal.loader.ClassLoaders$AppClassLoader.loadClass(Ljava/lang/String;Z)Ljava/lang/Class; java.base@21.0.9 (40 bytes) @ 0x000001d25638588c [0x000001d256385840+0x000000000000004c]
J 773 c1 java.lang.ClassLoader.loadClass(Ljava/lang/String;)Ljava/lang/Class; java.base@21.0.9 (7 bytes) @ 0x000001d256385114 [0x000001d2563850c0+0x0000000000000054]
v  ~StubRoutines::call_stub 0x000001d2560010e7
J 464  java.lang.Class.forName0(Ljava/lang/String;ZLjava/lang/ClassLoader;Ljava/lang/Class;)Ljava/lang/Class; java.base@21.0.9 (0 bytes) @ 0x000001d256306d5f [0x000001d256306cc0+0x000000000000009f]
J 988 c1 java.lang.Class.forName(Ljava/lang/String;ZLjava/lang/ClassLoader;Ljava/lang/Class;)Ljava/lang/Class; java.base@21.0.9 (41 bytes) @ 0x000001d2563de364 [0x000001d2563de340+0x0000000000000024]
J 987 c1 java.lang.Class.forName(Ljava/lang/String;ZLjava/lang/ClassLoader;)Ljava/lang/Class; java.base@21.0.9 (24 bytes) @ 0x000001d2563de06c [0x000001d2563de040+0x000000000000002c]
j  org.springframework.boot.devtools.restart.classloader.RestartClassLoader.loadClass(Ljava/lang/String;Z)Ljava/lang/Class;+90
J 773 c1 java.lang.ClassLoader.loadClass(Ljava/lang/String;)Ljava/lang/Class; java.base@21.0.9 (7 bytes) @ 0x000001d256385114 [0x000001d2563850c0+0x0000000000000054]
v  ~StubRoutines::call_stub 0x000001d2560010e7
J 464  java.lang.Class.forName0(Ljava/lang/String;ZLjava/lang/ClassLoader;Ljava/lang/Class;)Ljava/lang/Class; java.base@21.0.9 (0 bytes) @ 0x000001d256306d5f [0x000001d256306cc0+0x000000000000009f]
J 988 c1 java.lang.Class.forName(Ljava/lang/String;ZLjava/lang/ClassLoader;Ljava/lang/Class;)Ljava/lang/Class; java.base@21.0.9 (41 bytes) @ 0x000001d2563de364 [0x000001d2563de340+0x0000000000000024]
J 987 c1 java.lang.Class.forName(Ljava/lang/String;ZLjava/lang/ClassLoader;)Ljava/lang/Class; java.base@21.0.9 (24 bytes) @ 0x000001d2563de06c [0x000001d2563de040+0x000000000000002c]
j  org.springframework.boot.autoconfigure.condition.FilteringSpringBootCondition.resolve(Ljava/lang/String;Ljava/lang/ClassLoader;)Ljava/lang/Class;+7
j  org.springframework.boot.autoconfigure.condition.FilteringSpringBootCondition$ClassNameFilter.isPresent(Ljava/lang/String;Ljava/lang/ClassLoader;)Z+10
j  org.springframework.boot.autoconfigure.condition.FilteringSpringBootCondition$ClassNameFilter$2.matches(Ljava/lang/String;Ljava/lang/ClassLoader;)Z+2
j  org.springframework.boot.autoconfigure.condition.OnClassCondition$StandardOutcomesResolver.getOutcome(Ljava/lang/String;Ljava/lang/ClassLoader;)Lorg/springframework/boot/autoconfigure/condition/ConditionOutcome;+5
j  org.springframework.boot.autoconfigure.condition.OnClassCondition$StandardOutcomesResolver.getOutcome(Ljava/lang/String;)Lorg/springframework/boot/autoconfigure/condition/ConditionOutcome;+49
j  org.springframework.boot.autoconfigure.condition.OnClassCondition$StandardOutcomesResolver.getOutcomes([Ljava/lang/String;IILorg/springframework/boot/autoconfigure/AutoConfigurationMetadata;)[Lorg/springframework/boot/autoconfigure/condition/ConditionOutcome;+55
j  org.springframework.boot.autoconfigure.condition.OnClassCondition$StandardOutcomesResolver.resolveOutcomes()[Lorg/springframework/boot/autoconfigure/condition/ConditionOutcome;+17
j  org.springframework.boot.autoconfigure.condition.OnClassCondition.resolveOutcomesThreaded([Ljava/lang/String;Lorg/springframework/boot/autoconfigure/AutoConfigurationMetadata;)[Lorg/springframework/boot/autoconfigure/condition/ConditionOutcome;+35
j  org.springframework.boot.autoconfigure.condition.OnClassCondition.getOutcomes([Ljava/lang/String;Lorg/springframework/boot/autoconfigure/AutoConfigurationMetadata;)[Lorg/springframework/boot/autoconfigure/condition/ConditionOutcome;+19
j  org.springframework.boot.autoconfigure.condition.FilteringSpringBootCondition.match([Ljava/lang/String;Lorg/springframework/boot/autoconfigure/AutoConfigurationMetadata;)[Z+11
j  org.springframework.boot.autoconfigure.AutoConfigurationImportSelector$ConfigurationClassFilter.filter(Ljava/util/List;)Ljava/util/List;+54
j  org.springframework.boot.autoconfigure.AutoConfigurationImportSelector.getAutoConfigurationEntry(Lorg/springframework/core/type/AnnotationMetadata;)Lorg/springframework/boot/autoconfigure/AutoConfigurationImportSelector$AutoConfigurationEntry;+60
j  org.springframework.boot.autoconfigure.AutoConfigurationImportSelector$AutoConfigurationGroup.process(Lorg/springframework/core/type/AnnotationMetadata;Lorg/springframework/context/annotation/DeferredImportSelector;)V+18
j  org.springframework.context.annotation.ConfigurationClassParser$DeferredImportSelectorGrouping.getImports()Ljava/lang/Iterable;+44
j  org.springframework.context.annotation.ConfigurationClassParser$DeferredImportSelectorGroupingHandler.processGroupImports()V+40
j  org.springframework.context.annotation.ConfigurationClassParser$DeferredImportSelectorHandler.process()V+53
j  org.springframework.context.annotation.ConfigurationClassParser.parse(Ljava/util/Set;)V+158
j  org.springframework.context.annotation.ConfigurationClassPostProcessor.processConfigBeanDefinitions(Lorg/springframework/beans/factory/support/BeanDefinitionRegistry;)V+301
j  org.springframework.context.annotation.ConfigurationClassPostProcessor.postProcessBeanDefinitionRegistry(Lorg/springframework/beans/factory/support/BeanDefinitionRegistry;)V+81
j  org.springframework.context.support.PostProcessorRegistrationDelegate.invokeBeanDefinitionRegistryPostProcessors(Ljava/util/Collection;Lorg/springframework/beans/factory/support/BeanDefinitionRegistry;Lorg/springframework/core/metrics/ApplicationStartup;)V+59
j  org.springframework.context.support.PostProcessorRegistrationDelegate.invokeBeanFactoryPostProcessors(Lorg/springframework/beans/factory/config/ConfigurableListableBeanFactory;Ljava/util/List;)V+238
j  org.springframework.context.support.AbstractApplicationContext.invokeBeanFactoryPostProcessors(Lorg/springframework/beans/factory/config/ConfigurableListableBeanFactory;)V+5
j  org.springframework.context.support.AbstractApplicationContext.refresh()V+62
j  org.springframework.boot.web.servlet.context.ServletWebServerApplicationContext.refresh()V+1
j  org.springframework.boot.SpringApplication.refresh(Lorg/springframework/context/ConfigurableApplicationContext;)V+1
j  org.springframework.boot.SpringApplication.refreshContext(Lorg/springframework/context/ConfigurableApplicationContext;)V+16
j  org.springframework.boot.SpringApplication.run([Ljava/lang/String;)Lorg/springframework/context/ConfigurableApplicationContext;+110
j  org.springframework.boot.SpringApplication.run([Ljava/lang/Class;[Ljava/lang/String;)Lorg/springframework/context/ConfigurableApplicationContext;+9
j  org.springframework.boot.SpringApplication.run(Ljava/lang/Class;[Ljava/lang/String;)Lorg/springframework/context/ConfigurableApplicationContext;+9
j  com.zaphira.wallet.WalletServiceApplication.main([Ljava/lang/String;)V+3
j  java.lang.invoke.LambdaForm$DMH+0x000001d201084800.invokeStatic(Ljava/lang/Object;Ljava/lang/Object;)V+10 java.base@21.0.9
j  java.lang.invoke.LambdaForm$MH+0x000001d201095c00.invoke(Ljava/lang/Object;Ljava/lang/Object;Ljava/lang/Object;)Ljava/lang/Object;+33 java.base@21.0.9
j  java.lang.invoke.Invokers$Holder.invokeExact_MT(Ljava/lang/Object;Ljava/lang/Object;Ljava/lang/Object;Ljava/lang/Object;)Ljava/lang/Object;+20 java.base@21.0.9
j  jdk.internal.reflect.DirectMethodHandleAccessor.invokeImpl(Ljava/lang/Object;[Ljava/lang/Object;)Ljava/lang/Object;+55 java.base@21.0.9
j  jdk.internal.reflect.DirectMethodHandleAccessor.invoke(Ljava/lang/Object;[Ljava/lang/Object;)Ljava/lang/Object;+23 java.base@21.0.9
j  java.lang.reflect.Method.invoke(Ljava/lang/Object;[Ljava/lang/Object;)Ljava/lang/Object;+102 java.base@21.0.9
j  org.springframework.boot.devtools.restart.RestartLauncher.run()V+47
v  ~StubRoutines::call_stub 0x000001d2560010e7

Compiled method (n/a)    1654  753     n 0       java.lang.ClassLoader::defineClass1 (native)
 total in heap  [0x000001d25637ce10,0x000001d25637d570] = 1888
 relocation     [0x000001d25637cf70,0x000001d25637cfb0] = 64
 main code      [0x000001d25637cfc0,0x000001d25637d56f] = 1455
 stub code      [0x000001d25637d56f,0x000001d25637d570] = 1

[Constant Pool (empty)]

[MachCode]
[Entry Point]
  # {method} {0x000001d20043a5f0} 'defineClass1' '(Ljava/lang/ClassLoader;Ljava/lang/String;[BIILjava/security/ProtectionDomain;Ljava/lang/String;)Ljava/lang/Class;' in 'java/lang/ClassLoader'
  # parm0:    rdx:rdx   = 'java/lang/ClassLoader'
  # parm1:    r8:r8     = 'java/lang/String'
  # parm2:    r9:r9     = '[B'
  # parm3:    rdi       = int
  # parm4:    rsi       = int
  # parm5:    rcx:rcx   = 'java/security/ProtectionDomain'
  # parm6:    [sp+0xa0]   = 'java/lang/String'  (sp of caller)
  0x000001d25637cfc0: 448b 5208 | 49bb 0000 | 0000 d201 | 0000 4d03 | d349 3bc2 | 0f84 0600 

  0x000001d25637cfd8: ;   {runtime_call ic_miss_stub}
  0x000001d25637cfd8: 0000 e9a1 | 19cd ff90 
[Verified Entry Point]
  0x000001d25637cfe0: 8984 2400 | 80ff ff55 | 488b ec48 | 81ec 9000 | 0000 6690 | 4181 7f20 | 0100 0000 

  0x000001d25637cffc: ;   {runtime_call StubRoutines (final stubs)}
  0x000001d25637cffc: 7405 e87d | 8dcb ff48 | 837d 1000 | 488d 4510 | 480f 4445 | 1048 8944 | 2440 4889 | 4c24 7048 
  0x000001d25637d01c: 83f9 0048 | 8d44 2470 | 480f 4444 | 2470 4889 | 4424 3848 | 8974 2430 | 4889 7c24 | 284c 894c 
  0x000001d25637d03c: 2458 4983 | f900 488d | 4424 5848 | 0f44 4424 | 5848 8944 | 2420 4c89 | 4424 5049 | 83f8 004c 
  0x000001d25637d05c: 8d4c 2450 | 4c0f 444c | 2450 4889 | 5424 4848 | 83fa 004c | 8d44 2448 | 4c0f 4444 

  0x000001d25637d078: ;   {oop(a 'java/lang/Class'{0x0000000703b460b8} = 'java/lang/ClassLoader')}
  0x000001d25637d078: 2448 49be | b860 b403 | 0700 0000 | 4c89 7424 | 784c 8d74 | 2478 498b | d6c5 f877 

  0x000001d25637d094: ;   {internal_word}
  0x000001d25637d094: 49ba 91d0 | 3756 d201 | 0000 4d89 | 97a8 0300 | 0049 89a7 | a003 0000 

  0x000001d25637d0ac: ;   {external_word}
  0x000001d25637d0ac: 49ba c087 | ea8d fe7f | 0000 4180 | 3a00 0f84 | 4e00 0000 | 5241 5041 

  0x000001d25637d0c4: ;   {metadata({method} {0x000001d20043a5f0} 'defineClass1' '(Ljava/lang/ClassLoader;Ljava/lang/String;[BIILjava/security/ProtectionDomain;Ljava/lang/String;)Ljava/lang/Class;' in 'java/lang/ClassLoader')}
  0x000001d25637d0c4: 5148 bae8 | a543 00d2 | 0100 0049 | 8bcf 4883 | ec20 40f6 | c40f 0f84 | 1900 0000 | 4883 ec08 
  0x000001d25637d0e4: ;   {runtime_call}
  0x000001d25637d0e4: 48b8 901e | 9b8d fe7f | 0000 ffd0 | 4883 c408 | e90c 0000 

  0x000001d25637d0f8: ;   {runtime_call}
  0x000001d25637d0f8: 0048 b890 | 1e9b 8dfe | 7f00 00ff | d048 83c4 | 2041 5941 | 585a 498d | 8fc0 0300 | 0041 c787 
  0x000001d25637d118: 4c04 0000 | 0400 0000 

  0x000001d25637d120: ;   {runtime_call}
  0x000001d25637d120: 48b8 ac16 | 571e ff7f | 0000 ffd0 | c5f8 7741 | c787 4c04 | 0000 0500 | 0000 f083 | 4424 c000 
  0x000001d25637d140: 493b af50 | 0400 000f | 870e 0000 | 0041 83bf | 4804 0000 | 000f 842b | 0000 00c5 | f877 4889 
  0x000001d25637d160: 45f8 498b | cf4c 8be4 | 4883 ec20 | 4883 e4f0 

  0x000001d25637d170: ;   {runtime_call}
  0x000001d25637d170: 48b8 60cb | 668d fe7f | 0000 ffd0 | 498b e44d | 33e4 488b | 45f8 41c7 | 874c 0400 | 0008 0000 
  0x000001d25637d190: 0041 83bf | c804 0000 | 020f 84a3 

  0x000001d25637d19c: ;   {external_word}
  0x000001d25637d19c: 0300 0049 | bac0 87ea | 8dfe 7f00 | 0041 803a | 000f 844c | 0000 0048 

  0x000001d25637d1b4: ;   {metadata({method} {0x000001d20043a5f0} 'defineClass1' '(Ljava/lang/ClassLoader;Ljava/lang/String;[BIILjava/security/ProtectionDomain;Ljava/lang/String;)Ljava/lang/Class;' in 'java/lang/ClassLoader')}
  0x000001d25637d1b4: 8945 f848 | bae8 a543 | 00d2 0100 | 0049 8bcf | 4883 ec20 | 40f6 c40f | 0f84 1900 | 0000 4883 
  0x000001d25637d1d4: ;   {runtime_call}
  0x000001d25637d1d4: ec08 48b8 | 901e 9b8d | fe7f 0000 | ffd0 4883 | c408 e90c 

  0x000001d25637d1e8: ;   {runtime_call}
  0x000001d25637d1e8: 0000 0048 | b890 1e9b | 8dfe 7f00 | 00ff d048 | 83c4 2048 | 8b45 f849 | c787 a003 | 0000 0000 
  0x000001d25637d208: 0000 49c7 | 87a8 0300 | 0000 0000 | 00c5 f877 | 4885 c00f | 84fe 0200 | 00a8 030f | 8508 0000 
  0x000001d25637d228: 0048 8b00 | e9ee 0200 | 00a8 010f | 8509 0000 | 0048 8b40 | fee9 dd02 | 0000 488b | 40ff 4180 
  0x000001d25637d248: 7f40 000f | 84ce 0200 | 0048 83f8 | 000f 84c4 | 0200 0049 | 8b4f 2848 | 83f9 000f | 8414 0000 
  0x000001d25637d268: 0048 83e9 | 0849 894f | 2849 034f | 3848 8901 | e9a2 0200 | 0048 81ec | 5001 0000 | 4889 0424 
  0x000001d25637d288: 4889 4c24 | 0848 8954 | 2410 4889 | 7424 1848 | 897c 2420 | 4c89 4424 | 284c 894c | 2430 4c89 
  0x000001d25637d2a8: 5424 384c | 895c 2440 | c5fb 1144 | 2450 c5fb | 114c 2458 | c5fb 1154 | 2460 c5fb | 115c 2468 
  0x000001d25637d2c8: c5fb 1164 | 2470 c5fb | 116c 2478 | c5fb 11b4 | 2480 0000 | 00c5 fb11 | bc24 8800 | 0000 c57b 
  0x000001d25637d2e8: ;   {no_reloc}
  0x000001d25637d2e8: 1184 2490 | 0000 00c5 | 7b11 8c24 | 9800 0000 | c57b 1194 | 24a0 0000 | 00c5 7b11 | 9c24 a800 
  0x000001d25637d308: 0000 c57b | 11a4 24b0 | 0000 00c5 | 7b11 ac24 | b800 0000 | c57b 11b4 | 24c0 0000 | 00c5 7b11 
  0x000001d25637d328: bc24 c800 | 0000 62e1 | ff08 1144 | 241a 62e1 | ff08 114c | 241b 62e1 | ff08 1154 | 241c 62e1 
  0x000001d25637d348: ff08 115c | 241d 62e1 | ff08 1164 | 241e 62e1 | ff08 116c | 241f 62e1 | ff08 1174 | 2420 62e1 
  0x000001d25637d368: ff08 117c | 2421 6261 | ff08 1144 | 2422 6261 | ff08 114c | 2423 6261 | ff08 1154 | 2424 6261 
  0x000001d25637d388: ff08 115c | 2425 6261 | ff08 1164 | 2426 6261 | ff08 116c | 2427 6261 | ff08 1174 | 2428 6261 
  0x000001d25637d3a8: ff08 117c | 2429 498b | d748 8bc8 | 4883 ec20 | 40f6 c40f | 0f84 1900 | 0000 4883 

  0x000001d25637d3c4: ;   {runtime_call}
  0x000001d25637d3c4: ec08 48b8 | d001 5a8d | fe7f 0000 | ffd0 4883 | c408 e90c 

  0x000001d25637d3d8: ;   {runtime_call}
  0x000001d25637d3d8: 0000 0048 | b8d0 015a | 8dfe 7f00 | 00ff d048 | 83c4 2062 | 61ff 0810 | 7c24 2962 | 61ff 0810 
  0x000001d25637d3f8: 7424 2862 | 61ff 0810 | 6c24 2762 | 61ff 0810 | 6424 2662 | 61ff 0810 | 5c24 2562 | 61ff 0810 
  0x000001d25637d418: 5424 2462 | 61ff 0810 | 4c24 2362 | 61ff 0810 | 4424 2262 | e1ff 0810 | 7c24 2162 | e1ff 0810 
  0x000001d25637d438: 7424 2062 | e1ff 0810 | 6c24 1f62 | e1ff 0810 | 6424 1e62 | e1ff 0810 | 5c24 1d62 | e1ff 0810 
  0x000001d25637d458: 5424 1c62 | e1ff 0810 | 4c24 1b62 | e1ff 0810 | 4424 1ac5 | 7b10 bc24 | c800 0000 | c57b 10b4 
  0x000001d25637d478: 24c0 0000 | 00c5 7b10 | ac24 b800 | 0000 c57b | 10a4 24b0 | 0000 00c5 | 7b10 9c24 | a800 0000 
  0x000001d25637d498: c57b 1094 | 24a0 0000 | 00c5 7b10 | 8c24 9800 | 0000 c57b | 1084 2490 | 0000 00c5 | fb10 bc24 
  0x000001d25637d4b8: 8800 0000 | c5fb 10b4 | 2480 0000 | 00c5 fb10 | 6c24 78c5 | fb10 6424 | 70c5 fb10 | 5c24 68c5 
  0x000001d25637d4d8: ;   {no_reloc}
  0x000001d25637d4d8: fb10 5424 | 60c5 fb10 | 4c24 58c5 | fb10 4424 | 504c 8b5c | 2440 4c8b | 5424 384c | 8b4c 2430 
  0x000001d25637d4f8: 4c8b 4424 | 2848 8b7c | 2420 488b | 7424 1848 | 8b54 2410 | 488b 4c24 | 0848 8b04 | 2448 81c4 
  0x000001d25637d518: 5001 0000 | c5f8 7749 | 8b8f 3004 | 0000 c781 | 0001 0000 | 0000 0000 | c949 837f | 0800 0f85 
  0x000001d25637d538: 0100 0000 

  0x000001d25637d53c: ;   {runtime_call StubRoutines (initial stubs)}
  0x000001d25637d53c: c3e9 be39 | c8ff c5f8 | 7748 8945 | f84c 8be4 | 4883 ec20 | 4883 e4f0 

  0x000001d25637d554: ;   {runtime_call}
  0x000001d25637d554: 48b8 4056 | 9b8d fe7f | 0000 ffd0 | 498b e44d | 33e4 488b | 45f8 e930 | fcff fff4 
[/MachCode]


Compiled method (c1)    1666 1109       1       java.lang.ClassLoader::defineClass (43 bytes)
 total in heap  [0x000001d256412510,0x000001d256412ad8] = 1480
 relocation     [0x000001d256412670,0x000001d2564126e0] = 112
 main code      [0x000001d2564126e0,0x000001d2564128a8] = 456
 stub code      [0x000001d2564128a8,0x000001d256412920] = 120
 metadata       [0x000001d256412920,0x000001d256412950] = 48
 scopes data    [0x000001d256412950,0x000001d256412a08] = 184
 scopes pcs     [0x000001d256412a08,0x000001d256412aa8] = 160
 dependencies   [0x000001d256412aa8,0x000001d256412ab0] = 8
 nul chk table  [0x000001d256412ab0,0x000001d256412ad8] = 40

[Constant Pool (empty)]

[MachCode]
[Entry Point]
  # {method} {0x000001d20043a970} 'defineClass' '(Ljava/lang/String;[BIILjava/security/ProtectionDomain;)Ljava/lang/Class;' in 'java/lang/ClassLoader'
  # this:     rdx:rdx   = 'java/lang/ClassLoader'
  # parm0:    r8:r8     = 'java/lang/String'
  # parm1:    r9:r9     = '[B'
  # parm2:    rdi       = int
  # parm3:    rsi       = int
  # parm4:    rcx:rcx   = 'java/security/ProtectionDomain'
  #           [sp+0xc0]  (sp of caller)
  0x000001d2564126e0: 448b 5208 | 49bb 0000 | 0000 d201 | 0000 4d03 | d34c 3bd0 

  0x000001d2564126f4: ;   {runtime_call ic_miss_stub}
  0x000001d2564126f4: 0f85 86c2 | c3ff 660f | 1f44 0000 
[Verified Entry Point]
  0x000001d256412700: 8984 2400 | 80ff ff55 | 4881 ecb0 | 0000 0090 | 4181 7f20 | 0100 0000 

  0x000001d256412718: ;   {runtime_call StubRoutines (final stubs)}
  0x000001d256412718: 7405 e861 | 36c2 ff48 | 8954 2478 | 89b4 2494 | 0000 0089 | bc24 9000 | 0000 4c89 | 8c24 8800 
  0x000001d256412738: 0000 498b | d84c 8bc3 | 4c8b c948 | 8bca 488b | d148 899c | 2480 0000 | 0066 0f1f 

  0x000001d256412754: ;   {optimized virtual_call}
  0x000001d256412754: 4400 00e8 

  0x000001d256412758: ; ImmutableOopMap {[120]=Oop [128]=Oop [136]=Oop }
                      ;*invokevirtual preDefineClass {reexecute=0 rethrow=0 return_oop=0}
                      ; - java.lang.ClassLoader::defineClass@4 (line 1025)
  0x000001d256412758: 640a 0000 

  0x000001d25641275c: ;   {other}
  0x000001d25641275c: 0f1f 8400 | 4c02 0000 | 4889 8424 | 9800 0000 

  0x000001d25641276c: ; implicit exception: dispatches to 0x000001d256412852
  0x000001d25641276c: 448b 4010 | 49c1 e003 | 4d85 c00f | 850f 0000 

  0x000001d25641277c: ;   {oop(nullptr)}
  0x000001d25641277c: 0048 bb00 | 0000 0000 | 0000 00e9 | 4300 0000 

  0x000001d25641278c: ; implicit exception: dispatches to 0x000001d256412857
  0x000001d25641278c: 458b 400c | 49c1 e003 | 4d85 c00f | 850f 0000 

  0x000001d25641279c: ;   {oop(nullptr)}
  0x000001d25641279c: 0048 bb00 | 0000 0000 | 0000 00e9 | 2300 0000 

  0x000001d2564127ac: ; implicit exception: dispatches to 0x000001d25641285c
  0x000001d2564127ac: 418b 5038 | 48c1 e203 

  0x000001d2564127b4: ; implicit exception: dispatches to 0x000001d256412861
                      ;   {optimized virtual_call}
  0x000001d2564127b4: 483b 02e8 

  0x000001d2564127b8: ; ImmutableOopMap {[120]=Oop [128]=Oop [136]=Oop [152]=Oop }
                      ;*invokevirtual toExternalForm {reexecute=0 rethrow=0 return_oop=0}
                      ; - java.net.URL::toExternalForm@5 (line 1203)
                      ; - java.net.URL::toString@1 (line 1189)
                      ; - java.lang.ClassLoader::defineClassSourceLocation@22 (line 927)
                      ; - java.lang.ClassLoader::defineClass@12 (line 1026)
  0x000001d2564127b8: c407 f7ff 

  0x000001d2564127bc: ;   {other}
  0x000001d2564127bc: 0f1f 8400 | ac02 0001 | 488b d848 | 8b84 2498 | 0000 008b | b424 9400 | 0000 8bbc | 2490 0000 
  0x000001d2564127dc: 004c 8b8c | 2488 0000 | 004c 8b84 | 2480 0000 | 0048 8b54 | 2478 4c8b | da49 8bd3 | 488b c848 
  0x000001d2564127fc: ;   {static_call}
  0x000001d2564127fc: 891c 24e8 

  0x000001d256412800: ; ImmutableOopMap {[120]=Oop [152]=Oop }
                      ;*invokestatic defineClass1 {reexecute=0 rethrow=0 return_oop=0}
                      ; - java.lang.ClassLoader::defineClass@27 (line 1027)
  0x000001d256412800: dca7 f6ff 

  0x000001d256412804: ;   {other}
  0x000001d256412804: 0f1f 8400 | f402 0002 | 4c8b c04c | 8b8c 2498 | 0000 0048 | 8b54 2478 | 4889 8424 | a000 0000 
  0x000001d256412824: ;   {optimized virtual_call}
  0x000001d256412824: 6666 90e8 

  0x000001d256412828: ; ImmutableOopMap {[160]=Oop }
                      ;*invokevirtual postDefineClass {reexecute=0 rethrow=0 return_oop=0}
                      ; - java.lang.ClassLoader::defineClass@37 (line 1028)
  0x000001d256412828: 54f6 faff 

  0x000001d25641282c: ;   {other}
  0x000001d25641282c: 0f1f 8400 | 1c03 0003 | 488b 8424 | a000 0000 | 4881 c4b0 | 0000 005d 

  0x000001d256412844: ;   {poll_return}
  0x000001d256412844: 493b a750 | 0400 000f | 8715 0000 

  0x000001d256412850: ;   {runtime_call throw_null_pointer_exception Runtime1 stub}
  0x000001d256412850: 00c3 e849 

  0x000001d256412854: ; ImmutableOopMap {rax=Oop [120]=Oop [128]=Oop [136]=Oop [152]=Oop }
                      ;*invokevirtual getCodeSource {reexecute=0 rethrow=0 return_oop=0}
                      ; - java.lang.ClassLoader::defineClassSourceLocation@1 (line 924)
                      ; - java.lang.ClassLoader::defineClass@12 (line 1026)
                      ;   {runtime_call throw_null_pointer_exception Runtime1 stub}
  0x000001d256412854: 03d0 ffe8 

  0x000001d256412858: ; ImmutableOopMap {rax=Oop [120]=Oop [128]=Oop [136]=Oop [152]=Oop }
                      ;*invokevirtual getLocation {reexecute=0 rethrow=0 return_oop=0}
                      ; - java.lang.ClassLoader::defineClassSourceLocation@12 (line 926)
                      ; - java.lang.ClassLoader::defineClass@12 (line 1026)
  0x000001d256412858: 4403 d0ff 

  0x000001d25641285c: ;   {runtime_call throw_null_pointer_exception Runtime1 stub}
  0x000001d25641285c: e83f 03d0 

  0x000001d256412860: ; ImmutableOopMap {r8=Oop [120]=Oop [128]=Oop [136]=Oop [152]=Oop }
                      ;*invokevirtual toString {reexecute=0 rethrow=0 return_oop=0}
                      ; - java.lang.ClassLoader::defineClassSourceLocation@22 (line 927)
                      ; - java.lang.ClassLoader::defineClass@12 (line 1026)
                      ;   {runtime_call throw_null_pointer_exception Runtime1 stub}
  0x000001d256412860: ffe8 3a03 

  0x000001d256412864: ; ImmutableOopMap {r8=Oop rdx=Oop [120]=Oop [128]=Oop [136]=Oop [152]=Oop }
                      ;*invokevirtual toExternalForm {reexecute=0 rethrow=0 return_oop=0}
                      ; - java.net.URL::toExternalForm@5 (line 1203)
                      ; - java.net.URL::toString@1 (line 1189)
                      ; - java.lang.ClassLoader::defineClassSourceLocation@22 (line 927)
                      ; - java.lang.ClassLoader::defineClass@12 (line 1026)
                      ;   {internal_word}
  0x000001d256412864: d0ff 49ba | 4428 4156 | d201 0000 | 4d89 9768 

  0x000001d256412874: ;   {runtime_call SafepointBlob}
  0x000001d256412874: 0400 00e9 | 0443 c4ff | 498b 8700 | 0500 0049 | c787 0005 | 0000 0000 | 0000 49c7 | 8708 0500 
  0x000001d256412894: 0000 0000 | 0048 81c4 | b000 0000 

  0x000001d2564128a0: ;   {runtime_call unwind_exception Runtime1 stub}
  0x000001d2564128a0: 5de9 5aee | cfff f4f4 
[Stub Code]
  0x000001d2564128a8: ;   {no_reloc}
  0x000001d2564128a8: 0f1f 4400 

  0x000001d2564128ac: ;   {static_stub}
  0x000001d2564128ac: 0048 bb00 | 0000 0000 

  0x000001d2564128b4: ;   {runtime_call}
  0x000001d2564128b4: 0000 00e9 | fbff ffff 

  0x000001d2564128bc: ;   {static_stub}
  0x000001d2564128bc: 48bb 0000 | 0000 0000 

  0x000001d2564128c4: ;   {runtime_call}
  0x000001d2564128c4: 0000 e9fb 

  0x000001d2564128c8: ;   {static_stub}
  0x000001d2564128c8: ffff ff48 | bb00 0000 | 0000 0000 

  0x000001d2564128d4: ;   {runtime_call}
  0x000001d2564128d4: 00e9 fbff 

  0x000001d2564128d8: ;   {static_stub}
  0x000001d2564128d8: ffff 48bb | 0000 0000 | 0000 0000 

  0x000001d2564128e4: ;   {runtime_call}
  0x000001d2564128e4: e9fb ffff 

  0x000001d2564128e8: ;   {runtime_call handle_exception_from_callee Runtime1 stub}
  0x000001d2564128e8: ffe8 9246 

  0x000001d2564128ec: ;   {external_word}
  0x000001d2564128ec: d0ff 48b9 | b078 c28d | fe7f 0000 | 4883 e4f0 

  0x000001d2564128fc: ;   {runtime_call}
  0x000001d2564128fc: 48b8 9041 | 8a8d fe7f | 0000 ffd0 

  0x000001d256412908: ;   {section_word}
  0x000001d256412908: f449 ba09 | 2941 56d2 | 0100 0041 

  0x000001d256412914: ;   {runtime_call DeoptimizationBlob}
  0x000001d256412914: 52e9 0657 | c4ff f4f4 | f4f4 f4f4 
[/MachCode]


Compiled method (c1)    1675  897       1       jdk.internal.loader.BuiltinClassLoader::defineClass (121 bytes)
 total in heap  [0x000001d2563bd410,0x000001d2563be338] = 3880
 relocation     [0x000001d2563bd570,0x000001d2563bd6b8] = 328
 main code      [0x000001d2563bd6c0,0x000001d2563bdd98] = 1752
 stub code      [0x000001d2563bdd98,0x000001d2563bdeb8] = 288
 metadata       [0x000001d2563bdeb8,0x000001d2563bdf00] = 72
 scopes data    [0x000001d2563bdf00,0x000001d2563be158] = 600
 scopes pcs     [0x000001d2563be158,0x000001d2563be2f8] = 416
 dependencies   [0x000001d2563be2f8,0x000001d2563be300] = 8
 handler table  [0x000001d2563be300,0x000001d2563be318] = 24
 nul chk table  [0x000001d2563be318,0x000001d2563be338] = 32

[Constant Pool (empty)]

[MachCode]
[Entry Point]
  # {method} {0x000001d200069998} 'defineClass' '(Ljava/lang/String;Ljdk/internal/loader/Resource;)Ljava/lang/Class;' in 'jdk/internal/loader/BuiltinClassLoader'
  # this:     rdx:rdx   = 'jdk/internal/loader/BuiltinClassLoader'
  # parm0:    r8:r8     = 'java/lang/String'
  # parm1:    r9:r9     = 'jdk/internal/loader/Resource'
  #           [sp+0x110]  (sp of caller)
  0x000001d2563bd6c0: 448b 5208 | 49bb 0000 | 0000 d201 | 0000 4d03 | d34c 3bd0 

  0x000001d2563bd6d4: ;   {runtime_call ic_miss_stub}
  0x000001d2563bd6d4: 0f85 a612 | c9ff 660f | 1f44 0000 
[Verified Entry Point]
  0x000001d2563bd6e0: 8984 2400 | 80ff ff55 | 4881 ec00 | 0100 0090 | 4181 7f20 | 0100 0000 

  0x000001d2563bd6f8: ;   {runtime_call StubRoutines (final stubs)}
  0x000001d2563bd6f8: 7405 e881 | 86c7 ff48 | 8994 24a0 | 0000 004c | 8984 2490 | 0000 004c | 898c 2498 | 0000 0049 
  0x000001d2563bd718: 8bd1 6666 | 9048 b858 | 4521 00d2 

  0x000001d2563bd724: ;   {virtual_call}
  0x000001d2563bd724: 0100 00e8 

  0x000001d2563bd728: ; ImmutableOopMap {[144]=Oop [152]=Oop [160]=Oop }
                      ;*invokevirtual getCodeSourceURL {reexecute=0 rethrow=0 return_oop=0}
                      ; - jdk.internal.loader.BuiltinClassLoader::defineClass@1 (line 842)
  0x000001d2563bd728: f480 0500 

  0x000001d2563bd72c: ;   {other}
  0x000001d2563bd72c: 0f1f 8400 | 1c03 0000 | 4889 8424 | a800 0000 | 4c8b 8424 | 9000 0000 

  0x000001d2563bd744: ; implicit exception: dispatches to 0x000001d2563bdc92
  0x000001d2563bd744: 418b 7014 | 48c1 e603 

  0x000001d2563bd74c: ; implicit exception: dispatches to 0x000001d2563bdc97
  0x000001d2563bd74c: 8b56 0c45 | 0fbe 4810 | 498b c9c1 | e118 c1f9 | 18d3 fa48 | 8bfa ffcf | 4585 c9ba | 0000 0000 
  0x000001d2563bd76c: 7505 ba01 | 0000 0083 | e201 85d2 | 488b d641 | b82e 0000 | 004c 8bcf | 0f84 1700 | 0000 0f1f 
  0x000001d2563bd78c: ;   {static_call}
  0x000001d2563bd78c: 4400 00e8 

  0x000001d2563bd790: ; ImmutableOopMap {[144]=Oop [152]=Oop [160]=Oop [168]=Oop }
                      ;*invokestatic lastIndexOf {reexecute=0 rethrow=0 return_oop=0}
                      ; - java.lang.String::lastIndexOf@13 (line 2573)
                      ; - java.lang.String::lastIndexOf@8 (line 2535)
                      ; - jdk.internal.loader.BuiltinClassLoader::defineClass@8 (line 845)
  0x000001d2563bd790: ac34 d7ff 

  0x000001d2563bd794: ;   {other}
  0x000001d2563bd794: 0f1f 8400 | 8403 0001 | e913 0000 | 0066 0f1f 

  0x000001d2563bd7a4: ;   {static_call}
  0x000001d2563bd7a4: 4400 00e8 

  0x000001d2563bd7a8: ; ImmutableOopMap {[144]=Oop [152]=Oop [160]=Oop [168]=Oop }
                      ;*invokestatic lastIndexOf {reexecute=0 rethrow=0 return_oop=0}
                      ; - java.lang.String::lastIndexOf@25 (line 2574)
                      ; - java.lang.String::lastIndexOf@8 (line 2535)
                      ; - jdk.internal.loader.BuiltinClassLoader::defineClass@8 (line 845)
  0x000001d2563bd7a8: d420 c9ff 

  0x000001d2563bd7ac: ;   {other}
  0x000001d2563bd7ac: 0f1f 8400 | 9c03 0002 | 83f8 ff0f | 847f 0000 | 0041 b800 | 0000 004c | 8bc8 488b | 9424 9000 
  0x000001d2563bd7cc: ;   {optimized virtual_call}
  0x000001d2563bd7cc: 0000 90e8 

  0x000001d2563bd7d0: ; ImmutableOopMap {[144]=Oop [152]=Oop [160]=Oop [168]=Oop }
                      ;*invokevirtual substring {reexecute=0 rethrow=0 return_oop=0}
                      ; - jdk.internal.loader.BuiltinClassLoader::defineClass@23 (line 847)
  0x000001d2563bd7d0: accb edff 

  0x000001d2563bd7d4: ;   {other}
  0x000001d2563bd7d4: 0f1f 8400 | c403 0003 | 488b 9424 | 9800 0000 | 4889 8424 | b000 0000 | 9048 b858 | 4521 00d2 
  0x000001d2563bd7f4: ;   {virtual_call}
  0x000001d2563bd7f4: 0100 00e8 

  0x000001d2563bd7f8: ; ImmutableOopMap {[144]=Oop [152]=Oop [160]=Oop [168]=Oop [176]=Oop }
                      ;*invokevirtual getManifest {reexecute=0 rethrow=0 return_oop=0}
                      ; - jdk.internal.loader.BuiltinClassLoader::defineClass@29 (line 848)
  0x000001d2563bd7f8: 248d 0500 

  0x000001d2563bd7fc: ;   {other}
  0x000001d2563bd7fc: 0f1f 8400 | ec03 0004 | 4c8b 8424 | b000 0000 | 4c8b c848 | 8bbc 24a8 | 0000 0048 | 8b94 24a0 
  0x000001d2563bd81c: 0000 0066 | 0f1f 4400 | 0048 b8d8 | 9f06 00d2 

  0x000001d2563bd82c: ;   {virtual_call}
  0x000001d2563bd82c: 0100 00e8 

  0x000001d2563bd830: ; ImmutableOopMap {[144]=Oop [152]=Oop [160]=Oop [168]=Oop }
                      ;*invokevirtual defineOrCheckPackage {reexecute=0 rethrow=0 return_oop=0}
                      ; - jdk.internal.loader.BuiltinClassLoader::defineClass@40 (line 849)
  0x000001d2563bd830: 0cf1 ffff 

  0x000001d2563bd834: ;   {other}
  0x000001d2563bd834: 0f1f 8400 | 2404 0005 | 4c8b 8c24 | 9800 0000 | 488d 9424 | e000 0000 | 4c89 4a08 | 498b 0148 
  0x000001d2563bd854: 83c8 0148 | 8902 f049 | 0fb1 110f | 8412 0000 | 0048 2bc4 | 4825 07f0 | ffff 4889 | 020f 8525 
  0x000001d2563bd874: 0400 0049 | ff87 5005 | 0000 418b | 510c 48c1 | e203 4885 | d20f 8551 | 0000 0049 | 8bd1 6666 
  0x000001d2563bd894: 9048 b858 | 4521 00d2 

  0x000001d2563bd89c: ;   {virtual_call}
  0x000001d2563bd89c: 0100 00e8 

  0x000001d2563bd8a0: ; ImmutableOopMap {[144]=Oop [152]=Oop [160]=Oop [168]=Oop [232]=Oop }
                      ;*invokevirtual getInputStream {reexecute=0 rethrow=0 return_oop=0}
                      ; - jdk.internal.loader.Resource::cachedInputStream@9 (line 77)
                      ; - jdk.internal.loader.Resource::getByteBuffer@1 (line 163)
                      ; - jdk.internal.loader.BuiltinClassLoader::defineClass@45 (line 853)
  0x000001d2563bd8a0: 9c9f 0500 

  0x000001d2563bd8a4: ;   {other}
  0x000001d2563bd8a4: 0f1f 8400 | 9404 0006 | 410f be57 | 4085 d24c | 8b8c 2498 | 0000 000f | 85ee 0300 | 004c 8bd0 
  0x000001d2563bd8c4: 49c1 ea03 | 4589 510c | 498b d148 | 33d0 48c1 | ea15 4883 | fa00 0f85 | ef03 0000 | 418b 510c 
  0x000001d2563bd8e4: 48c1 e203 | 488d 8424 | e000 0000 | 488b 3048 | 85f6 0f84 | 0f00 0000 | 488b 7808 | f048 0fb1 
  0x000001d2563bd904: 370f 85dc | 0300 0049 | ff8f 5005 | 0000 4885 | d20f 8443 

  0x000001d2563bd918: ;   {metadata('sun/nio/ByteBuffered')}
  0x000001d2563bd918: 0000 0048 | b888 cd36 | 00d2 0100 | 008b 5a08 | 49ba 0000 | 0000 d201 | 0000 4903 | da48 3b43 
  0x000001d2563bd938: 200f 8424 | 0000 0048 | 3bd8 0f84 | 1b00 0000 

  0x000001d2563bd948: ;   {runtime_call slow_subtype_check Runtime1 stub}
  0x000001d2563bd948: 5350 e831 | aed5 ff5b | 5b85 db0f | 8405 0000 | 00e9 0500 | 0000 4833 | f6eb 0a48 | be01 0000 
  0x000001d2563bd968: 0000 0000 | 0085 f60f | 846c 0000 | 0048 85d2 | 0f84 4300 

  0x000001d2563bd97c: ;   {metadata('sun/nio/ByteBuffered')}
  0x000001d2563bd97c: 0000 48bb | 88cd 3600 | d201 0000 | 8b7a 0849 | ba00 0000 | 00d2 0100 | 0049 03fa | 483b 5f20 
  0x000001d2563bd99c: 0f84 1f00 | 0000 483b | fb0f 8416 | 0000 0057 

  0x000001d2563bd9ac: ;   {runtime_call slow_subtype_check Runtime1 stub}
  0x000001d2563bd9ac: 53e8 cead | d5ff 5f5f | 85ff 0f84 | 4103 0000 | e900 0000 | 000f 1f40 | 0048 b8ff | ffff ffff 
  0x000001d2563bd9cc: ;   {virtual_call}
  0x000001d2563bd9cc: ffff ffe8 

  0x000001d2563bd9d0: ; ImmutableOopMap {[144]=Oop [152]=Oop [160]=Oop [168]=Oop }
                      ;*invokeinterface getByteBuffer {reexecute=0 rethrow=0 return_oop=0}
                      ; - jdk.internal.loader.Resource::getByteBuffer@16 (line 165)
                      ; - jdk.internal.loader.BuiltinClassLoader::defineClass@45 (line 853)
  0x000001d2563bd9d0: ac19 c9ff 

  0x000001d2563bd9d4: ;   {other}
  0x000001d2563bd9d4: 0f1f 8400 | c405 0007 | e90a 0000 

  0x000001d2563bd9e0: ;   {oop(nullptr)}
  0x000001d2563bd9e0: 0048 b800 | 0000 0000 | 0000 0048 | 85c0 0f84 | 0601 0000 | 4889 8424 | b800 0000 | 488b 9424 
  0x000001d2563bda00: 9800 0000 | 9048 b8ff | ffff ffff 

  0x000001d2563bda0c: ;   {virtual_call}
  0x000001d2563bda0c: ffff ffe8 

  0x000001d2563bda10: ; ImmutableOopMap {[144]=Oop [160]=Oop [168]=Oop [184]=Oop }
                      ;*invokevirtual getCodeSigners {reexecute=0 rethrow=0 return_oop=0}
                      ; - jdk.internal.loader.BuiltinClassLoader::defineClass@56 (line 855)
  0x000001d2563bda10: 6c19 c9ff 

  0x000001d2563bda14: ;   {other}
  0x000001d2563bda14: 0f1f 8400 | 0406 0008 

  0x000001d2563bda1c: ;   {metadata('java/security/CodeSource')}
  0x000001d2563bda1c: 4c8b c848 | bad8 5a00 | 00d2 0100 | 0049 8b87 | b801 0000 | 488d 7828 | 493b bfc8 | 0100 000f 
  0x000001d2563bda3c: 87c5 0200 | 0049 89bf | b801 0000 | 48c7 0001 | 0000 0048 | 8bca 49ba | 0000 0000 | d201 0000 
  0x000001d2563bda5c: 492b ca89 | 4808 4833 | c989 480c | 4833 c948 | 8948 1048 | 8948 1848 | 8948 204c | 8b84 24a8 
  0x000001d2563bda7c: 0000 0048 | 8bd0 4889 | 8424 c000 | 0000 0f1f 

  0x000001d2563bda8c: ;   {optimized virtual_call}
  0x000001d2563bda8c: 4400 00e8 

  0x000001d2563bda90: ; ImmutableOopMap {[144]=Oop [160]=Oop [184]=Oop [192]=Oop }
                      ;*invokespecial <init> {reexecute=0 rethrow=0 return_oop=0}
                      ; - jdk.internal.loader.BuiltinClassLoader::defineClass@68 (line 856)
  0x000001d2563bda90: ec13 c9ff 

  0x000001d2563bda94: ;   {other}
  0x000001d2563bda94: 0f1f 8400 | 8406 0009 | 4c8b 8424 | c000 0000 | 488b 9424 | a000 0000 

  0x000001d2563bdaac: ;   {optimized virtual_call}
  0x000001d2563bdaac: 6666 90e8 

  0x000001d2563bdab0: ; ImmutableOopMap {[144]=Oop [160]=Oop [184]=Oop }
                      ;*invokevirtual getProtectionDomain {reexecute=0 rethrow=0 return_oop=0}
                      ; - java.security.SecureClassLoader::defineClass@5 (line 182)
                      ; - jdk.internal.loader.BuiltinClassLoader::defineClass@79 (line 857)
  0x000001d2563bdab0: cc13 c9ff 

  0x000001d2563bdab4: ;   {other}
  0x000001d2563bdab4: 0f1f 8400 | a406 000a | 4c8b 8424 | 9000 0000 | 4c8b 8c24 | b800 0000 | 488b f848 | 8b94 24a0 
  0x000001d2563bdad4: ;   {optimized virtual_call}
  0x000001d2563bdad4: 0000 00e8 

  0x000001d2563bdad8: ; ImmutableOopMap {}
                      ;*invokevirtual defineClass {reexecute=0 rethrow=0 return_oop=0}
                      ; - java.security.SecureClassLoader::defineClass@8 (line 182)
                      ; - jdk.internal.loader.BuiltinClassLoader::defineClass@79 (line 857)
  0x000001d2563bdad8: a413 c9ff 

  0x000001d2563bdadc: ;   {other}
  0x000001d2563bdadc: 0f1f 8400 | cc06 000b | 4881 c400 | 0100 005d 

  0x000001d2563bdaec: ;   {poll_return}
  0x000001d2563bdaec: 493b a750 | 0400 000f | 871a 0200 | 00c3 4c8b | 8c24 9800 | 0000 498b | d148 b858 | 4521 00d2 
  0x000001d2563bdb0c: ;   {virtual_call}
  0x000001d2563bdb0c: 0100 00e8 

  0x000001d2563bdb10: ; ImmutableOopMap {[144]=Oop [152]=Oop [160]=Oop [168]=Oop }
                      ;*invokevirtual getBytes {reexecute=0 rethrow=0 return_oop=0}
                      ; - jdk.internal.loader.BuiltinClassLoader::defineClass@84 (line 859)
  0x000001d2563bdb10: ccaf 0500 

  0x000001d2563bdb14: ;   {other}
  0x000001d2563bdb14: 0f1f 8400 | 0407 000c | 4889 8424 | c800 0000 | 488b 9424 | 9800 0000 | 9048 b858 | 4521 00d2 
  0x000001d2563bdb34: ;   {virtual_call}
  0x000001d2563bdb34: 0100 00e8 

  0x000001d2563bdb38: ; ImmutableOopMap {[144]=Oop [160]=Oop [168]=Oop [200]=Oop }
                      ;*invokevirtual getCodeSigners {reexecute=0 rethrow=0 return_oop=0}
                      ; - jdk.internal.loader.BuiltinClassLoader::defineClass@90 (line 860)
  0x000001d2563bdb38: 04a9 0500 

  0x000001d2563bdb3c: ;   {other}
  0x000001d2563bdb3c: 0f1f 8400 | 2c07 000d 

  0x000001d2563bdb44: ;   {metadata('java/security/CodeSource')}
  0x000001d2563bdb44: 4c8b c848 | bad8 5a00 | 00d2 0100 | 0049 8b87 | b801 0000 | 488d 7828 | 493b bfc8 | 0100 000f 
  0x000001d2563bdb64: 87c0 0100 | 0049 89bf | b801 0000 | 48c7 0001 | 0000 0048 | 8bca 49ba | 0000 0000 | d201 0000 
  0x000001d2563bdb84: 492b ca89 | 4808 4833 | c989 480c | 4833 c948 | 8948 1048 | 8948 1848 | 8948 204c | 8b84 24a8 
  0x000001d2563bdba4: 0000 0048 | 8bd0 4889 | 8424 d000 | 0000 0f1f 

  0x000001d2563bdbb4: ;   {optimized virtual_call}
  0x000001d2563bdbb4: 4400 00e8 

  0x000001d2563bdbb8: ; ImmutableOopMap {[144]=Oop [160]=Oop [200]=Oop [208]=Oop }
                      ;*invokespecial <init> {reexecute=0 rethrow=0 return_oop=0}
                      ; - jdk.internal.loader.BuiltinClassLoader::defineClass@102 (line 861)
  0x000001d2563bdbb8: c437 0500 

  0x000001d2563bdbbc: ;   {other}
  0x000001d2563bdbbc: 0f1f 8400 | ac07 000e | 488b 8424 | c800 0000 

  0x000001d2563bdbcc: ; implicit exception: dispatches to 0x000001d2563bdd36
  0x000001d2563bdbcc: 8b70 0c4c | 8b84 24d0 | 0000 0048 | 8b94 24a0 | 0000 0089 | b424 d800 

  0x000001d2563bdbe4: ;   {optimized virtual_call}
  0x000001d2563bdbe4: 0000 90e8 

  0x000001d2563bdbe8: ; ImmutableOopMap {[144]=Oop [160]=Oop [200]=Oop }
                      ;*invokevirtual getProtectionDomain {reexecute=0 rethrow=0 return_oop=0}
                      ; - java.security.SecureClassLoader::defineClass@9 (line 150)
                      ; - jdk.internal.loader.BuiltinClassLoader::defineClass@117 (line 862)
  0x000001d2563bdbe8: 143e 0500 

  0x000001d2563bdbec: ;   {other}
  0x000001d2563bdbec: 0f1f 8400 | dc07 000f | 4c8b 8424 | 9000 0000 | 4c8b 8c24 | c800 0000 | bf00 0000 | 008b b424 
  0x000001d2563bdc0c: d800 0000 | 488b c848 | 8b94 24a0 | 0000 000f 

  0x000001d2563bdc1c: ;   {optimized virtual_call}
  0x000001d2563bdc1c: 1f40 00e8 

  0x000001d2563bdc20: ; ImmutableOopMap {}
                      ;*invokevirtual defineClass {reexecute=0 rethrow=0 return_oop=0}
                      ; - java.security.SecureClassLoader::defineClass@12 (line 150)
                      ; - jdk.internal.loader.BuiltinClassLoader::defineClass@117 (line 862)
  0x000001d2563bdc20: dc4a 0500 

  0x000001d2563bdc24: ;   {other}
  0x000001d2563bdc24: 0f1f 8400 | 1408 0010 | 4881 c400 | 0100 005d 

  0x000001d2563bdc34: ;   {poll_return}
  0x000001d2563bdc34: 493b a750 | 0400 000f | 87fa 0000 | 00c3 498b | 8700 0500 | 004d 33d2 | 4d89 9700 | 0500 004d 
  0x000001d2563bdc54: 33d2 4d89 | 9708 0500 | 0048 8bf0 | 488d 8424 | e000 0000 | 488b 3848 | 85ff 0f84 | 0f00 0000 
  0x000001d2563bdc74: 488b 5808 | f048 0fb1 | 3b0f 85ce | 0000 0049 | ff8f 5005 | 0000 488b | c6e9 f200 

  0x000001d2563bdc90: ;   {runtime_call throw_null_pointer_exception Runtime1 stub}
  0x000001d2563bdc90: 0000 e809 

  0x000001d2563bdc94: ; ImmutableOopMap {rax=Oop r8=Oop [144]=Oop [152]=Oop [160]=Oop [168]=Oop }
                      ;*invokevirtual lastIndexOf {reexecute=0 rethrow=0 return_oop=0}
                      ; - jdk.internal.loader.BuiltinClassLoader::defineClass@8 (line 845)
                      ;   {runtime_call throw_null_pointer_exception Runtime1 stub}
  0x000001d2563bdc94: 4fd5 ffe8 

  0x000001d2563bdc98: ; ImmutableOopMap {rax=Oop r8=Oop rsi=Oop [144]=Oop [152]=Oop [160]=Oop [168]=Oop }
                      ;*arraylength {reexecute=0 rethrow=0 return_oop=0}
                      ; - java.lang.String::length@4 (line 1519)
                      ; - java.lang.String::lastIndexOf@3 (line 2535)
                      ; - jdk.internal.loader.BuiltinClassLoader::defineClass@8 (line 845)
  0x000001d2563bdc98: 044f d5ff | 4c89 4c24 | 0848 8914 

  0x000001d2563bdca4: ;   {runtime_call monitorenter_nofpu Runtime1 stub}
  0x000001d2563bdca4: 24e8 56b1 

  0x000001d2563bdca8: ; ImmutableOopMap {r9=Oop [144]=Oop [152]=Oop [160]=Oop [168]=Oop [232]=Oop }
                      ;*synchronization entry
                      ; - jdk.internal.loader.Resource::cachedInputStream@-1 (line 76)
                      ; - jdk.internal.loader.Resource::getByteBuffer@1 (line 163)
                      ; - jdk.internal.loader.BuiltinClassLoader::defineClass@45 (line 853)
  0x000001d2563bdca8: d5ff e9cf | fbff ff41 | 8b51 0c48 | c1e2 0348 | 83fa 000f | 8400 fcff | ff48 8914 

  0x000001d2563bdcc4: ;   {runtime_call g1_pre_barrier_slow}
  0x000001d2563bdcc4: 24e8 36e8 | d5ff e9f2 | fbff ff48 | 83f8 000f | 8407 fcff | ff4c 890c 

  0x000001d2563bdcdc: ;   {runtime_call g1_post_barrier_slow}
  0x000001d2563bdcdc: 24e8 9eeb | d5ff e9f9 | fbff ff48 | 8d84 24e0 | 0000 0048 

  0x000001d2563bdcf0: ;   {runtime_call monitorexit_nofpu Runtime1 stub}
  0x000001d2563bdcf0: 8904 24e8 | 88b7 d5ff | e915 fcff | ff48 8914 

  0x000001d2563bdd00: ;   {runtime_call throw_class_cast_exception Runtime1 stub}
  0x000001d2563bdd00: 24e8 9aa4 

  0x000001d2563bdd04: ; ImmutableOopMap {[144]=Oop [152]=Oop [160]=Oop [168]=Oop }
                      ;*checkcast {reexecute=0 rethrow=0 return_oop=0}
                      ; - jdk.internal.loader.Resource::getByteBuffer@13 (line 165)
                      ; - jdk.internal.loader.BuiltinClassLoader::defineClass@45 (line 853)
  0x000001d2563bdd04: d5ff 488b 

  0x000001d2563bdd08: ;   {runtime_call fast_new_instance Runtime1 stub}
  0x000001d2563bdd08: d2e8 7265 

  0x000001d2563bdd0c: ; ImmutableOopMap {r9=Oop [144]=Oop [160]=Oop [168]=Oop [184]=Oop }
                      ;*new {reexecute=0 rethrow=0 return_oop=0}
                      ; - jdk.internal.loader.BuiltinClassLoader::defineClass@61 (line 856)
  0x000001d2563bdd0c: d5ff e964 

  0x000001d2563bdd10: ;   {internal_word}
  0x000001d2563bdd10: fdff ff49 | baec da3b | 56d2 0100 | 004d 8997 | 6804 0000 

  0x000001d2563bdd24: ;   {runtime_call SafepointBlob}
  0x000001d2563bdd24: e957 8ec9 | ff48 8bd2 

  0x000001d2563bdd2c: ;   {runtime_call fast_new_instance Runtime1 stub}
  0x000001d2563bdd2c: e84f 65d5 

  0x000001d2563bdd30: ; ImmutableOopMap {r9=Oop [144]=Oop [160]=Oop [168]=Oop [200]=Oop }
                      ;*new {reexecute=0 rethrow=0 return_oop=0}
                      ; - jdk.internal.loader.BuiltinClassLoader::defineClass@95 (line 861)
  0x000001d2563bdd30: ffe9 69fe 

  0x000001d2563bdd34: ;   {runtime_call throw_null_pointer_exception Runtime1 stub}
  0x000001d2563bdd34: ffff e865 

  0x000001d2563bdd38: ; ImmutableOopMap {rax=Oop [144]=Oop [160]=Oop [200]=Oop [208]=Oop }
                      ;*arraylength {reexecute=0 rethrow=0 return_oop=0}
                      ; - jdk.internal.loader.BuiltinClassLoader::defineClass@114 (line 862)
                      ;   {internal_word}
  0x000001d2563bdd38: 4ed5 ff49 | ba34 dc3b | 56d2 0100 | 004d 8997 | 6804 0000 

  0x000001d2563bdd4c: ;   {runtime_call SafepointBlob}
  0x000001d2563bdd4c: e92f 8ec9 | ff48 8d84 | 24e0 0000 | 0048 8904 

  0x000001d2563bdd5c: ;   {runtime_call monitorexit_nofpu Runtime1 stub}
  0x000001d2563bdd5c: 24e8 1eb7 | d5ff e923 | ffff ff49 | 8b87 0005 | 0000 49c7 | 8700 0500 | 0000 0000 | 0049 c787 
  0x000001d2563bdd7c: 0805 0000 | 0000 0000 | 4881 c400 | 0100 005d 

  0x000001d2563bdd8c: ;   {runtime_call unwind_exception Runtime1 stub}
  0x000001d2563bdd8c: e96f 39d5 | fff4 f4f4 | f4f4 f4f4 
[Stub Code]
  0x000001d2563bdd98: ;   {no_reloc}
  0x000001d2563bdd98: 0f1f 4400 

  0x000001d2563bdd9c: ;   {static_stub}
  0x000001d2563bdd9c: 0048 bb00 | 0000 0000 

  0x000001d2563bdda4: ;   {runtime_call}
  0x000001d2563bdda4: 0000 00e9 | fbff ffff 

  0x000001d2563bddac: ;   {static_stub}
  0x000001d2563bddac: 9048 bb00 | 0000 0000 

  0x000001d2563bddb4: ;   {runtime_call}
  0x000001d2563bddb4: 0000 00e9 | fbff ffff 

  0x000001d2563bddbc: ;   {static_stub}
  0x000001d2563bddbc: 9048 bb00 | 0000 0000 

  0x000001d2563bddc4: ;   {runtime_call}
  0x000001d2563bddc4: 0000 00e9 | fbff ffff 

  0x000001d2563bddcc: ;   {static_stub}
  0x000001d2563bddcc: 9048 bb00 | 0000 0000 

  0x000001d2563bddd4: ;   {runtime_call}
  0x000001d2563bddd4: 0000 00e9 | fbff ffff 

  0x000001d2563bdddc: ;   {static_stub}
  0x000001d2563bdddc: 9048 bb00 | 0000 0000 

  0x000001d2563bdde4: ;   {runtime_call}
  0x000001d2563bdde4: 0000 00e9 | fbff ffff 

  0x000001d2563bddec: ;   {static_stub}
  0x000001d2563bddec: 9048 bb00 | 0000 0000 

  0x000001d2563bddf4: ;   {runtime_call}
  0x000001d2563bddf4: 0000 00e9 | fbff ffff 

  0x000001d2563bddfc: ;   {static_stub}
  0x000001d2563bddfc: 9048 bb00 | 0000 0000 

  0x000001d2563bde04: ;   {runtime_call}
  0x000001d2563bde04: 0000 00e9 | fbff ffff 

  0x000001d2563bde0c: ;   {static_stub}
  0x000001d2563bde0c: 9048 bb00 | 0000 0000 

  0x000001d2563bde14: ;   {runtime_call}
  0x000001d2563bde14: 0000 00e9 | fbff ffff 

  0x000001d2563bde1c: ;   {static_stub}
  0x000001d2563bde1c: 48bb 403d | 4700 d201 

  0x000001d2563bde24: ;   {runtime_call I2C/C2I adapters}
  0x000001d2563bde24: 0000 e960 

  0x000001d2563bde28: ;   {static_stub}
  0x000001d2563bde28: d2c8 ff48 | bbd0 d004 | 00d2 0100 

  0x000001d2563bde34: ;   {runtime_call I2C/C2I adapters}
  0x000001d2563bde34: 00e9 cd70 

  0x000001d2563bde38: ;   {static_stub}
  0x000001d2563bde38: c9ff 48bb | 0000 0000 | 0000 0000 

  0x000001d2563bde44: ;   {runtime_call}
  0x000001d2563bde44: e9fb ffff 

  0x000001d2563bde48: ;   {static_stub}
  0x000001d2563bde48: ff48 bb68 | a943 00d2 

  0x000001d2563bde50: ;   {runtime_call I2C/C2I adapters}
  0x000001d2563bde50: 0100 00e9 | 3d07 c8ff 

  0x000001d2563bde58: ;   {static_stub}
  0x000001d2563bde58: 48bb 0000 | 0000 0000 

  0x000001d2563bde60: ;   {runtime_call}
  0x000001d2563bde60: 0000 e9fb 

  0x000001d2563bde64: ;   {static_stub}
  0x000001d2563bde64: ffff ff48 | bb00 0000 | 0000 0000 

  0x000001d2563bde70: ;   {runtime_call}
  0x000001d2563bde70: 00e9 fbff 

  0x000001d2563bde74: ;   {static_stub}
  0x000001d2563bde74: ffff 48bb | 0000 0000 | 0000 0000 

  0x000001d2563bde80: ;   {runtime_call}
  0x000001d2563bde80: e9fb ffff 

  0x000001d2563bde84: ;   {runtime_call handle_exception_from_callee Runtime1 stub}
  0x000001d2563bde84: ffe8 f690 

  0x000001d2563bde88: ;   {external_word}
  0x000001d2563bde88: d5ff 48b9 | b078 c28d | fe7f 0000 | 4883 e4f0 

  0x000001d2563bde98: ;   {runtime_call}
  0x000001d2563bde98: 48b8 9041 | 8a8d fe7f | 0000 ffd0 

  0x000001d2563bdea4: ;   {section_word}
  0x000001d2563bdea4: f449 baa5 | de3b 56d2 | 0100 0041 

  0x000001d2563bdeb0: ;   {runtime_call DeoptimizationBlob}
  0x000001d2563bdeb0: 52e9 6aa1 | c9ff f4f4 
[/MachCode]


---------------  P R O C E S S  ---------------

Threads class SMR info:
_java_thread_list=0x000001d26687bcc0, length=17, elements={
0x000001d24c1b2ae0, 0x000001d2612d4ff0, 0x000001d2612d5d10, 0x000001d2612d7020,
0x000001d2612d91a0, 0x000001d2612d9c00, 0x000001d2612dc7a0, 0x000001d2612de070,
0x000001d26150ed80, 0x000001d261511440, 0x000001d261526210, 0x000001d26152ea60,
0x000001d2666e1290, 0x000001d2666e9ea0, 0x000001d2668c5e90, 0x000001d266d29500,
0x000001d266d86820
}

Java Threads: ( => current thread )
  0x000001d24c1b2ae0 JavaThread "main"                              [_thread_blocked, id=16940, stack(0x000000c908800000,0x000000c908900000) (1024K)]
  0x000001d2612d4ff0 JavaThread "Reference Handler"          daemon [_thread_blocked, id=5548, stack(0x000000c909000000,0x000000c909100000) (1024K)]
  0x000001d2612d5d10 JavaThread "Finalizer"                  daemon [_thread_blocked, id=12364, stack(0x000000c909100000,0x000000c909200000) (1024K)]
  0x000001d2612d7020 JavaThread "Signal Dispatcher"          daemon [_thread_blocked, id=18372, stack(0x000000c909200000,0x000000c909300000) (1024K)]
  0x000001d2612d91a0 JavaThread "Attach Listener"            daemon [_thread_blocked, id=19696, stack(0x000000c909300000,0x000000c909400000) (1024K)]
  0x000001d2612d9c00 JavaThread "Service Thread"             daemon [_thread_blocked, id=17132, stack(0x000000c909400000,0x000000c909500000) (1024K)]
  0x000001d2612dc7a0 JavaThread "Monitor Deflation Thread"   daemon [_thread_blocked, id=16536, stack(0x000000c909500000,0x000000c909600000) (1024K)]
  0x000001d2612de070 JavaThread "C1 CompilerThread0"         daemon [_thread_blocked, id=20128, stack(0x000000c909600000,0x000000c909700000) (1024K)]
  0x000001d26150ed80 JavaThread "C1 CompilerThread1"         daemon [_thread_blocked, id=13616, stack(0x000000c909700000,0x000000c909800000) (1024K)]
  0x000001d261511440 JavaThread "C1 CompilerThread2"         daemon [_thread_blocked, id=3776, stack(0x000000c909800000,0x000000c909900000) (1024K)]
  0x000001d261526210 JavaThread "Notification Thread"        daemon [_thread_blocked, id=13508, stack(0x000000c909900000,0x000000c909a00000) (1024K)]
  0x000001d26152ea60 JavaThread "Common-Cleaner"             daemon [_thread_blocked, id=2236, stack(0x000000c909a00000,0x000000c909b00000) (1024K)]
  0x000001d2666e1290 JavaThread "Thread-0"                          [_thread_blocked, id=20196, stack(0x000000c90a000000,0x000000c90a100000) (1024K)]
=>0x000001d2666e9ea0 JavaThread "restartedMain"                     [_thread_in_vm, id=14416, stack(0x000000c90a100000,0x000000c90a200000) (1024K)]
  0x000001d2668c5e90 JavaThread "background-preinit"                [_thread_in_vm, id=18072, stack(0x000000c90a200000,0x000000c90a300000) (1024K)]
  0x000001d266d29500 JavaThread "C1 CompilerThread3"         daemon [_thread_blocked, id=6292, stack(0x000000c90a300000,0x000000c90a400000) (1024K)]
  0x000001d266d86820 JavaThread "Thread-4"                          [_thread_blocked, id=17480, stack(0x000000c90a400000,0x000000c90a500000) (1024K)]
Total: 17

Other Threads:
  0x000001d2612b7670 VMThread "VM Thread"                           [id=3928, stack(0x000000c908f00000,0x000000c909000000) (1024K)]
  0x000001d2612a7350 WatcherThread "VM Periodic Task Thread"        [id=17552, stack(0x000000c908e00000,0x000000c908f00000) (1024K)]
  0x000001d24c3d4e50 WorkerThread "GC Thread#0"                     [id=9344, stack(0x000000c908900000,0x000000c908a00000) (1024K)]
  0x000001d266499490 WorkerThread "GC Thread#1"                     [id=16228, stack(0x000000c909b00000,0x000000c909c00000) (1024K)]
  0x000001d266499840 WorkerThread "GC Thread#2"                     [id=8464, stack(0x000000c909c00000,0x000000c909d00000) (1024K)]
  0x000001d2664158d0 WorkerThread "GC Thread#3"                     [id=7228, stack(0x000000c909d00000,0x000000c909e00000) (1024K)]
  0x000001d266415c80 WorkerThread "GC Thread#4"                     [id=19864, stack(0x000000c909e00000,0x000000c909f00000) (1024K)]
  0x000001d266416030 WorkerThread "GC Thread#5"                     [id=15424, stack(0x000000c909f00000,0x000000c90a000000) (1024K)]
  0x000001d24c3e7500 ConcurrentGCThread "G1 Main Marker"            [id=1116, stack(0x000000c908a00000,0x000000c908b00000) (1024K)]
  0x000001d24c3e7fd0 WorkerThread "G1 Conc#0"                       [id=15700, stack(0x000000c908b00000,0x000000c908c00000) (1024K)]
  0x000001d261177440 ConcurrentGCThread "G1 Refine#0"               [id=13948, stack(0x000000c908c00000,0x000000c908d00000) (1024K)]
  0x000001d261177dd0 ConcurrentGCThread "G1 Service"                [id=5768, stack(0x000000c908d00000,0x000000c908e00000) (1024K)]
Total: 12

Threads with active compile tasks:
Total: 0

VM state: not at safepoint (normal execution)

VM Mutex/Monitor currently owned by a thread:  ([mutex/lock_event])
[0x00007ffe8debedf0] Metaspace_lock - owner thread: 0x000001d2666e9ea0

Heap address: 0x0000000703600000, size: 4042 MB, Compressed Oops mode: Zero based, Oop shift amount: 3

CDS archive(s) mapped at: [0x000001d200000000-0x000001d200c90000-0x000001d200c90000), size 13172736, SharedBaseAddress: 0x000001d200000000, ArchiveRelocationMode: 1.
Compressed class space mapped at: 0x000001d201000000-0x000001d241000000, reserved size: 1073741824
Narrow klass base: 0x000001d200000000, Narrow klass shift: 0, Narrow klass range: 0x100000000

GC Precious Log:
 CardTable entry size: 512
 Card Set container configuration: InlinePtr #cards 4 size 8 Array Of Cards #cards 16 size 48 Howl #buckets 8 coarsen threshold 3686 Howl Bitmap #cards 512 size 80 coarsen threshold 460 Card regions per heap region 1 cards per card region 4096
 CPUs: 8 total, 8 available
 Memory: 16161M
 Large Page Support: Disabled
 NUMA Support: Disabled
 Compressed Oops: Enabled (Zero based)
 Heap Region Size: 2M
 Heap Min Capacity: 8M
 Heap Initial Capacity: 254M
 Heap Max Capacity: 4042M
 Pre-touch: Disabled
 Parallel Workers: 8
 Concurrent Workers: 2
 Concurrent Refinement Workers: 8
 Periodic GC: Disabled

Heap:
 garbage-first heap   total 260096K, used 58873K [0x0000000703600000, 0x0000000800000000)
  region size 2048K, 27 young (55296K), 1 survivors (2048K)
 Metaspace       used 16930K, committed 17152K, reserved 1114112K
  class space    used 2325K, committed 2432K, reserved 1048576K

Heap Regions: E=young(eden), S=young(survivor), O=old, HS=humongous(starts), HC=humongous(continues), CS=collection set, F=free, TAMS=top-at-mark-start, PB=parsable bottom
|   0|0x0000000703600000, 0x0000000703800000, 0x0000000703800000|100%| O|  |TAMS 0x0000000703600000| PB 0x0000000703600000| Untracked 
|   1|0x0000000703800000, 0x0000000703a00000, 0x0000000703a00000|100%| O|  |TAMS 0x0000000703800000| PB 0x0000000703800000| Untracked 
|   2|0x0000000703a00000, 0x0000000703c00000, 0x0000000703c00000|100%| O|  |TAMS 0x0000000703a00000| PB 0x0000000703a00000| Untracked 
|   3|0x0000000703c00000, 0x0000000703e00000, 0x0000000703e00000|100%| O|  |TAMS 0x0000000703c00000| PB 0x0000000703c00000| Untracked 
|   4|0x0000000703e00000, 0x0000000703e8e2c0, 0x0000000704000000| 27%| O|  |TAMS 0x0000000703e00000| PB 0x0000000703e00000| Untracked 
|   5|0x0000000704000000, 0x0000000704000000, 0x0000000704200000|  0%| F|  |TAMS 0x0000000704000000| PB 0x0000000704000000| Untracked 
|   6|0x0000000704200000, 0x0000000704200000, 0x0000000704400000|  0%| F|  |TAMS 0x0000000704200000| PB 0x0000000704200000| Untracked 
|   7|0x0000000704400000, 0x0000000704400000, 0x0000000704600000|  0%| F|  |TAMS 0x0000000704400000| PB 0x0000000704400000| Untracked 
|   8|0x0000000704600000, 0x0000000704600000, 0x0000000704800000|  0%| F|  |TAMS 0x0000000704600000| PB 0x0000000704600000| Untracked 
|   9|0x0000000704800000, 0x0000000704800000, 0x0000000704a00000|  0%| F|  |TAMS 0x0000000704800000| PB 0x0000000704800000| Untracked 
|  10|0x0000000704a00000, 0x0000000704a00000, 0x0000000704c00000|  0%| F|  |TAMS 0x0000000704a00000| PB 0x0000000704a00000| Untracked 
|  11|0x0000000704c00000, 0x0000000704c00000, 0x0000000704e00000|  0%| F|  |TAMS 0x0000000704c00000| PB 0x0000000704c00000| Untracked 
|  12|0x0000000704e00000, 0x0000000704e00000, 0x0000000705000000|  0%| F|  |TAMS 0x0000000704e00000| PB 0x0000000704e00000| Untracked 
|  13|0x0000000705000000, 0x0000000705000000, 0x0000000705200000|  0%| F|  |TAMS 0x0000000705000000| PB 0x0000000705000000| Untracked 
|  14|0x0000000705200000, 0x0000000705200000, 0x0000000705400000|  0%| F|  |TAMS 0x0000000705200000| PB 0x0000000705200000| Untracked 
|  15|0x0000000705400000, 0x0000000705400000, 0x0000000705600000|  0%| F|  |TAMS 0x0000000705400000| PB 0x0000000705400000| Untracked 
|  16|0x0000000705600000, 0x0000000705600000, 0x0000000705800000|  0%| F|  |TAMS 0x0000000705600000| PB 0x0000000705600000| Untracked 
|  17|0x0000000705800000, 0x0000000705800000, 0x0000000705a00000|  0%| F|  |TAMS 0x0000000705800000| PB 0x0000000705800000| Untracked 
|  18|0x0000000705a00000, 0x0000000705a00000, 0x0000000705c00000|  0%| F|  |TAMS 0x0000000705a00000| PB 0x0000000705a00000| Untracked 
|  19|0x0000000705c00000, 0x0000000705c00000, 0x0000000705e00000|  0%| F|  |TAMS 0x0000000705c00000| PB 0x0000000705c00000| Untracked 
|  20|0x0000000705e00000, 0x0000000705e00000, 0x0000000706000000|  0%| F|  |TAMS 0x0000000705e00000| PB 0x0000000705e00000| Untracked 
|  21|0x0000000706000000, 0x0000000706000000, 0x0000000706200000|  0%| F|  |TAMS 0x0000000706000000| PB 0x0000000706000000| Untracked 
|  22|0x0000000706200000, 0x0000000706200000, 0x0000000706400000|  0%| F|  |TAMS 0x0000000706200000| PB 0x0000000706200000| Untracked 
|  23|0x0000000706400000, 0x0000000706400000, 0x0000000706600000|  0%| F|  |TAMS 0x0000000706400000| PB 0x0000000706400000| Untracked 
|  24|0x0000000706600000, 0x0000000706600000, 0x0000000706800000|  0%| F|  |TAMS 0x0000000706600000| PB 0x0000000706600000| Untracked 
|  25|0x0000000706800000, 0x0000000706800000, 0x0000000706a00000|  0%| F|  |TAMS 0x0000000706800000| PB 0x0000000706800000| Untracked 
|  26|0x0000000706a00000, 0x0000000706a00000, 0x0000000706c00000|  0%| F|  |TAMS 0x0000000706a00000| PB 0x0000000706a00000| Untracked 
|  27|0x0000000706c00000, 0x0000000706c00000, 0x0000000706e00000|  0%| F|  |TAMS 0x0000000706c00000| PB 0x0000000706c00000| Untracked 
|  28|0x0000000706e00000, 0x0000000706e00000, 0x0000000707000000|  0%| F|  |TAMS 0x0000000706e00000| PB 0x0000000706e00000| Untracked 
|  29|0x0000000707000000, 0x0000000707000000, 0x0000000707200000|  0%| F|  |TAMS 0x0000000707000000| PB 0x0000000707000000| Untracked 
|  30|0x0000000707200000, 0x0000000707200000, 0x0000000707400000|  0%| F|  |TAMS 0x0000000707200000| PB 0x0000000707200000| Untracked 
|  31|0x0000000707400000, 0x0000000707400000, 0x0000000707600000|  0%| F|  |TAMS 0x0000000707400000| PB 0x0000000707400000| Untracked 
|  32|0x0000000707600000, 0x0000000707600000, 0x0000000707800000|  0%| F|  |TAMS 0x0000000707600000| PB 0x0000000707600000| Untracked 
|  33|0x0000000707800000, 0x0000000707800000, 0x0000000707a00000|  0%| F|  |TAMS 0x0000000707800000| PB 0x0000000707800000| Untracked 
|  34|0x0000000707a00000, 0x0000000707a00000, 0x0000000707c00000|  0%| F|  |TAMS 0x0000000707a00000| PB 0x0000000707a00000| Untracked 
|  35|0x0000000707c00000, 0x0000000707c00000, 0x0000000707e00000|  0%| F|  |TAMS 0x0000000707c00000| PB 0x0000000707c00000| Untracked 
|  36|0x0000000707e00000, 0x0000000707e00000, 0x0000000708000000|  0%| F|  |TAMS 0x0000000707e00000| PB 0x0000000707e00000| Untracked 
|  37|0x0000000708000000, 0x0000000708000000, 0x0000000708200000|  0%| F|  |TAMS 0x0000000708000000| PB 0x0000000708000000| Untracked 
|  38|0x0000000708200000, 0x0000000708200000, 0x0000000708400000|  0%| F|  |TAMS 0x0000000708200000| PB 0x0000000708200000| Untracked 
|  39|0x0000000708400000, 0x0000000708400000, 0x0000000708600000|  0%| F|  |TAMS 0x0000000708400000| PB 0x0000000708400000| Untracked 
|  40|0x0000000708600000, 0x0000000708600000, 0x0000000708800000|  0%| F|  |TAMS 0x0000000708600000| PB 0x0000000708600000| Untracked 
|  41|0x0000000708800000, 0x0000000708800000, 0x0000000708a00000|  0%| F|  |TAMS 0x0000000708800000| PB 0x0000000708800000| Untracked 
|  42|0x0000000708a00000, 0x0000000708a00000, 0x0000000708c00000|  0%| F|  |TAMS 0x0000000708a00000| PB 0x0000000708a00000| Untracked 
|  43|0x0000000708c00000, 0x0000000708c00000, 0x0000000708e00000|  0%| F|  |TAMS 0x0000000708c00000| PB 0x0000000708c00000| Untracked 
|  44|0x0000000708e00000, 0x0000000708e00000, 0x0000000709000000|  0%| F|  |TAMS 0x0000000708e00000| PB 0x0000000708e00000| Untracked 
|  45|0x0000000709000000, 0x0000000709000000, 0x0000000709200000|  0%| F|  |TAMS 0x0000000709000000| PB 0x0000000709000000| Untracked 
|  46|0x0000000709200000, 0x0000000709200000, 0x0000000709400000|  0%| F|  |TAMS 0x0000000709200000| PB 0x0000000709200000| Untracked 
|  47|0x0000000709400000, 0x0000000709400000, 0x0000000709600000|  0%| F|  |TAMS 0x0000000709400000| PB 0x0000000709400000| Untracked 
|  48|0x0000000709600000, 0x0000000709600000, 0x0000000709800000|  0%| F|  |TAMS 0x0000000709600000| PB 0x0000000709600000| Untracked 
|  49|0x0000000709800000, 0x0000000709800000, 0x0000000709a00000|  0%| F|  |TAMS 0x0000000709800000| PB 0x0000000709800000| Untracked 
|  50|0x0000000709a00000, 0x0000000709a00000, 0x0000000709c00000|  0%| F|  |TAMS 0x0000000709a00000| PB 0x0000000709a00000| Untracked 
|  51|0x0000000709c00000, 0x0000000709c00000, 0x0000000709e00000|  0%| F|  |TAMS 0x0000000709c00000| PB 0x0000000709c00000| Untracked 
|  52|0x0000000709e00000, 0x0000000709e00000, 0x000000070a000000|  0%| F|  |TAMS 0x0000000709e00000| PB 0x0000000709e00000| Untracked 
|  53|0x000000070a000000, 0x000000070a000000, 0x000000070a200000|  0%| F|  |TAMS 0x000000070a000000| PB 0x000000070a000000| Untracked 
|  54|0x000000070a200000, 0x000000070a200000, 0x000000070a400000|  0%| F|  |TAMS 0x000000070a200000| PB 0x000000070a200000| Untracked 
|  55|0x000000070a400000, 0x000000070a400000, 0x000000070a600000|  0%| F|  |TAMS 0x000000070a400000| PB 0x000000070a400000| Untracked 
|  56|0x000000070a600000, 0x000000070a600000, 0x000000070a800000|  0%| F|  |TAMS 0x000000070a600000| PB 0x000000070a600000| Untracked 
|  57|0x000000070a800000, 0x000000070a800000, 0x000000070aa00000|  0%| F|  |TAMS 0x000000070a800000| PB 0x000000070a800000| Untracked 
|  58|0x000000070aa00000, 0x000000070aa00000, 0x000000070ac00000|  0%| F|  |TAMS 0x000000070aa00000| PB 0x000000070aa00000| Untracked 
|  59|0x000000070ac00000, 0x000000070ac00000, 0x000000070ae00000|  0%| F|  |TAMS 0x000000070ac00000| PB 0x000000070ac00000| Untracked 
|  60|0x000000070ae00000, 0x000000070ae00000, 0x000000070b000000|  0%| F|  |TAMS 0x000000070ae00000| PB 0x000000070ae00000| Untracked 
|  61|0x000000070b000000, 0x000000070b000000, 0x000000070b200000|  0%| F|  |TAMS 0x000000070b000000| PB 0x000000070b000000| Untracked 
|  62|0x000000070b200000, 0x000000070b200000, 0x000000070b400000|  0%| F|  |TAMS 0x000000070b200000| PB 0x000000070b200000| Untracked 
|  63|0x000000070b400000, 0x000000070b400000, 0x000000070b600000|  0%| F|  |TAMS 0x000000070b400000| PB 0x000000070b400000| Untracked 
|  64|0x000000070b600000, 0x000000070b600000, 0x000000070b800000|  0%| F|  |TAMS 0x000000070b600000| PB 0x000000070b600000| Untracked 
|  65|0x000000070b800000, 0x000000070b800000, 0x000000070ba00000|  0%| F|  |TAMS 0x000000070b800000| PB 0x000000070b800000| Untracked 
|  66|0x000000070ba00000, 0x000000070ba00000, 0x000000070bc00000|  0%| F|  |TAMS 0x000000070ba00000| PB 0x000000070ba00000| Untracked 
|  67|0x000000070bc00000, 0x000000070bc00000, 0x000000070be00000|  0%| F|  |TAMS 0x000000070bc00000| PB 0x000000070bc00000| Untracked 
|  68|0x000000070be00000, 0x000000070be00000, 0x000000070c000000|  0%| F|  |TAMS 0x000000070be00000| PB 0x000000070be00000| Untracked 
|  69|0x000000070c000000, 0x000000070c000000, 0x000000070c200000|  0%| F|  |TAMS 0x000000070c000000| PB 0x000000070c000000| Untracked 
|  70|0x000000070c200000, 0x000000070c200000, 0x000000070c400000|  0%| F|  |TAMS 0x000000070c200000| PB 0x000000070c200000| Untracked 
|  71|0x000000070c400000, 0x000000070c400000, 0x000000070c600000|  0%| F|  |TAMS 0x000000070c400000| PB 0x000000070c400000| Untracked 
|  72|0x000000070c600000, 0x000000070c600000, 0x000000070c800000|  0%| F|  |TAMS 0x000000070c600000| PB 0x000000070c600000| Untracked 
|  73|0x000000070c800000, 0x000000070c800000, 0x000000070ca00000|  0%| F|  |TAMS 0x000000070c800000| PB 0x000000070c800000| Untracked 
|  74|0x000000070ca00000, 0x000000070ca00000, 0x000000070cc00000|  0%| F|  |TAMS 0x000000070ca00000| PB 0x000000070ca00000| Untracked 
|  75|0x000000070cc00000, 0x000000070cc00000, 0x000000070ce00000|  0%| F|  |TAMS 0x000000070cc00000| PB 0x000000070cc00000| Untracked 
|  76|0x000000070ce00000, 0x000000070ce00000, 0x000000070d000000|  0%| F|  |TAMS 0x000000070ce00000| PB 0x000000070ce00000| Untracked 
|  77|0x000000070d000000, 0x000000070d000000, 0x000000070d200000|  0%| F|  |TAMS 0x000000070d000000| PB 0x000000070d000000| Untracked 
|  78|0x000000070d200000, 0x000000070d200000, 0x000000070d400000|  0%| F|  |TAMS 0x000000070d200000| PB 0x000000070d200000| Untracked 
|  79|0x000000070d400000, 0x000000070d400000, 0x000000070d600000|  0%| F|  |TAMS 0x000000070d400000| PB 0x000000070d400000| Untracked 
|  80|0x000000070d600000, 0x000000070d600000, 0x000000070d800000|  0%| F|  |TAMS 0x000000070d600000| PB 0x000000070d600000| Untracked 
|  81|0x000000070d800000, 0x000000070d800000, 0x000000070da00000|  0%| F|  |TAMS 0x000000070d800000| PB 0x000000070d800000| Untracked 
|  82|0x000000070da00000, 0x000000070da00000, 0x000000070dc00000|  0%| F|  |TAMS 0x000000070da00000| PB 0x000000070da00000| Untracked 
|  83|0x000000070dc00000, 0x000000070dc00000, 0x000000070de00000|  0%| F|  |TAMS 0x000000070dc00000| PB 0x000000070dc00000| Untracked 
|  84|0x000000070de00000, 0x000000070de00000, 0x000000070e000000|  0%| F|  |TAMS 0x000000070de00000| PB 0x000000070de00000| Untracked 
|  85|0x000000070e000000, 0x000000070e000000, 0x000000070e200000|  0%| F|  |TAMS 0x000000070e000000| PB 0x000000070e000000| Untracked 
|  86|0x000000070e200000, 0x000000070e200000, 0x000000070e400000|  0%| F|  |TAMS 0x000000070e200000| PB 0x000000070e200000| Untracked 
|  87|0x000000070e400000, 0x000000070e400000, 0x000000070e600000|  0%| F|  |TAMS 0x000000070e400000| PB 0x000000070e400000| Untracked 
|  88|0x000000070e600000, 0x000000070e600000, 0x000000070e800000|  0%| F|  |TAMS 0x000000070e600000| PB 0x000000070e600000| Untracked 
|  89|0x000000070e800000, 0x000000070e800000, 0x000000070ea00000|  0%| F|  |TAMS 0x000000070e800000| PB 0x000000070e800000| Untracked 
|  90|0x000000070ea00000, 0x000000070ea00000, 0x000000070ec00000|  0%| F|  |TAMS 0x000000070ea00000| PB 0x000000070ea00000| Untracked 
|  91|0x000000070ec00000, 0x000000070ec00000, 0x000000070ee00000|  0%| F|  |TAMS 0x000000070ec00000| PB 0x000000070ec00000| Untracked 
|  92|0x000000070ee00000, 0x000000070ee00000, 0x000000070f000000|  0%| F|  |TAMS 0x000000070ee00000| PB 0x000000070ee00000| Untracked 
|  93|0x000000070f000000, 0x000000070f000000, 0x000000070f200000|  0%| F|  |TAMS 0x000000070f000000| PB 0x000000070f000000| Untracked 
|  94|0x000000070f200000, 0x000000070f200000, 0x000000070f400000|  0%| F|  |TAMS 0x000000070f200000| PB 0x000000070f200000| Untracked 
|  95|0x000000070f400000, 0x000000070f400000, 0x000000070f600000|  0%| F|  |TAMS 0x000000070f400000| PB 0x000000070f400000| Untracked 
|  96|0x000000070f600000, 0x000000070f600000, 0x000000070f800000|  0%| F|  |TAMS 0x000000070f600000| PB 0x000000070f600000| Untracked 
|  97|0x000000070f800000, 0x000000070f800000, 0x000000070fa00000|  0%| F|  |TAMS 0x000000070f800000| PB 0x000000070f800000| Untracked 
|  98|0x000000070fa00000, 0x000000070fa00000, 0x000000070fc00000|  0%| F|  |TAMS 0x000000070fa00000| PB 0x000000070fa00000| Untracked 
|  99|0x000000070fc00000, 0x000000070fc00000, 0x000000070fe00000|  0%| F|  |TAMS 0x000000070fc00000| PB 0x000000070fc00000| Untracked 
| 100|0x000000070fe00000, 0x000000070ff69ae0, 0x0000000710000000| 70%| E|  |TAMS 0x000000070fe00000| PB 0x000000070fe00000| Complete 
| 101|0x0000000710000000, 0x0000000710200000, 0x0000000710200000|100%| E|CS|TAMS 0x0000000710000000| PB 0x0000000710000000| Complete 
| 102|0x0000000710200000, 0x0000000710400000, 0x0000000710400000|100%| E|  |TAMS 0x0000000710200000| PB 0x0000000710200000| Complete 
| 103|0x0000000710400000, 0x0000000710600000, 0x0000000710600000|100%| E|CS|TAMS 0x0000000710400000| PB 0x0000000710400000| Complete 
| 104|0x0000000710600000, 0x0000000710800000, 0x0000000710800000|100%| E|CS|TAMS 0x0000000710600000| PB 0x0000000710600000| Complete 
| 105|0x0000000710800000, 0x0000000710a00000, 0x0000000710a00000|100%| E|CS|TAMS 0x0000000710800000| PB 0x0000000710800000| Complete 
| 106|0x0000000710a00000, 0x0000000710c00000, 0x0000000710c00000|100%| E|CS|TAMS 0x0000000710a00000| PB 0x0000000710a00000| Complete 
| 107|0x0000000710c00000, 0x0000000710e00000, 0x0000000710e00000|100%| E|CS|TAMS 0x0000000710c00000| PB 0x0000000710c00000| Complete 
| 108|0x0000000710e00000, 0x0000000711000000, 0x0000000711000000|100%| E|CS|TAMS 0x0000000710e00000| PB 0x0000000710e00000| Complete 
| 109|0x0000000711000000, 0x0000000711200000, 0x0000000711200000|100%| E|CS|TAMS 0x0000000711000000| PB 0x0000000711000000| Complete 
| 110|0x0000000711200000, 0x0000000711400000, 0x0000000711400000|100%| E|CS|TAMS 0x0000000711200000| PB 0x0000000711200000| Complete 
| 111|0x0000000711400000, 0x0000000711600000, 0x0000000711600000|100%| E|CS|TAMS 0x0000000711400000| PB 0x0000000711400000| Complete 
| 112|0x0000000711600000, 0x0000000711800000, 0x0000000711800000|100%| E|CS|TAMS 0x0000000711600000| PB 0x0000000711600000| Complete 
| 113|0x0000000711800000, 0x0000000711a00000, 0x0000000711a00000|100%| E|CS|TAMS 0x0000000711800000| PB 0x0000000711800000| Complete 
| 114|0x0000000711a00000, 0x0000000711c00000, 0x0000000711c00000|100%| E|CS|TAMS 0x0000000711a00000| PB 0x0000000711a00000| Complete 
| 115|0x0000000711c00000, 0x0000000711e00000, 0x0000000711e00000|100%| E|CS|TAMS 0x0000000711c00000| PB 0x0000000711c00000| Complete 
| 116|0x0000000711e00000, 0x0000000711ef0330, 0x0000000712000000| 46%| S|CS|TAMS 0x0000000711e00000| PB 0x0000000711e00000| Complete 
| 117|0x0000000712000000, 0x0000000712200000, 0x0000000712200000|100%| E|CS|TAMS 0x0000000712000000| PB 0x0000000712000000| Complete 
| 118|0x0000000712200000, 0x0000000712400000, 0x0000000712400000|100%| E|CS|TAMS 0x0000000712200000| PB 0x0000000712200000| Complete 
| 119|0x0000000712400000, 0x0000000712600000, 0x0000000712600000|100%| E|CS|TAMS 0x0000000712400000| PB 0x0000000712400000| Complete 
| 120|0x0000000712600000, 0x0000000712800000, 0x0000000712800000|100%| E|CS|TAMS 0x0000000712600000| PB 0x0000000712600000| Complete 
| 121|0x0000000712800000, 0x0000000712a00000, 0x0000000712a00000|100%| E|CS|TAMS 0x0000000712800000| PB 0x0000000712800000| Complete 
| 122|0x0000000712a00000, 0x0000000712c00000, 0x0000000712c00000|100%| E|CS|TAMS 0x0000000712a00000| PB 0x0000000712a00000| Complete 
| 123|0x0000000712c00000, 0x0000000712e00000, 0x0000000712e00000|100%| E|CS|TAMS 0x0000000712c00000| PB 0x0000000712c00000| Complete 
| 124|0x0000000712e00000, 0x0000000713000000, 0x0000000713000000|100%| E|CS|TAMS 0x0000000712e00000| PB 0x0000000712e00000| Complete 
| 125|0x0000000713000000, 0x0000000713200000, 0x0000000713200000|100%| E|CS|TAMS 0x0000000713000000| PB 0x0000000713000000| Complete 
| 126|0x0000000713200000, 0x0000000713400000, 0x0000000713400000|100%| E|CS|TAMS 0x0000000713200000| PB 0x0000000713200000| Complete 

Card table byte_map: [0x000001d25a0e0000,0x000001d25a8d0000] _byte_map_base: 0x000001d2568c5000

Marking Bits: (CMBitMap*) 0x000001d24c3d5b80
 Bits: [0x000001d25a8d0000, 0x000001d25e7f8000)

Polling page: 0x000001d24c420000

Metaspace:

Usage:
  Non-class:     14.26 MB used.
      Class:      2.27 MB used.
       Both:     16.53 MB used.

Virtual space:
  Non-class space:       64.00 MB reserved,      14.38 MB ( 22%) committed,  1 nodes.
      Class space:        1.00 GB reserved,       2.38 MB ( <1%) committed,  1 nodes.
             Both:        1.06 GB reserved,      16.75 MB (  2%) committed. 

Chunk freelists:
   Non-Class:  1008.00 KB
       Class:  13.62 MB
        Both:  14.61 MB

MaxMetaspaceSize: unlimited
CompressedClassSpaceSize: 1.00 GB
Initial GC threshold: 21.00 MB
Current GC threshold: 21.00 MB
CDS: on
 - commit_granule_bytes: 65536.
 - commit_granule_words: 8192.
 - virtual_space_node_default_size: 8388608.
 - enlarge_chunks_in_place: 1.
 - use_allocation_guard: 0.


Internal statistics:

num_allocs_failed_limit: 0.
num_arena_births: 280.
num_arena_deaths: 0.
num_vsnodes_births: 2.
num_vsnodes_deaths: 0.
num_space_committed: 268.
num_space_uncommitted: 0.
num_chunks_returned_to_freelist: 0.
num_chunks_taken_from_freelist: 899.
num_chunk_merges: 0.
num_chunk_splits: 598.
num_chunks_enlarged: 424.
num_inconsistent_stats: 0.

CodeCache: size=49152Kb used=6905Kb max_used=6905Kb free=42246Kb
 bounds [0x000001d256000000, 0x000001d2566c0000, 0x000001d259000000]
 total_blobs=2987 nmethods=2486 adapters=422
 compilation: enabled
              stopped_count=0, restarted_count=0
 full_count=0

Compilation events (20 events):
Event: 1.605 Thread 0x000001d26150ed80 2478       1       java.util.concurrent.ConcurrentHashMap$MapEntry::<init> (20 bytes)
Event: 1.605 Thread 0x000001d2612de070 nmethod 2476 0x000001d2566bb910 code [0x000001d2566bbac0, 0x000001d2566bbba0]
Event: 1.605 Thread 0x000001d26150ed80 nmethod 2478 0x000001d2566bbc10 code [0x000001d2566bbdc0, 0x000001d2566bbfb0]
Event: 1.605 Thread 0x000001d261511440 nmethod 2477 0x000001d2566bc010 code [0x000001d2566bc1e0, 0x000001d2566bc5b0]
Event: 1.613 Thread 0x000001d261511440 2479       1       java.lang.invoke.LambdaForm$MH/0x000001d20103cc00::invoke (45 bytes)
Event: 1.614 Thread 0x000001d261511440 nmethod 2479 0x000001d2566bc710 code [0x000001d2566bc8e0, 0x000001d2566bcac8]
Event: 1.614 Thread 0x000001d261511440 2480       1       java.lang.Exception::<init> (7 bytes)
Event: 1.614 Thread 0x000001d266d29500 2481       1       java.lang.Throwable::<init> (39 bytes)
Event: 1.614 Thread 0x000001d2612de070 2482       1       java.util.Arrays$ArrayList::iterator (12 bytes)
Event: 1.614 Thread 0x000001d26150ed80 2483       1       java.util.Arrays$ArrayItr::<init> (10 bytes)
Event: 1.614 Thread 0x000001d261511440 nmethod 2480 0x000001d2566bcc10 code [0x000001d2566bcdc0, 0x000001d2566bcea0]
Event: 1.614 Thread 0x000001d261511440 2484       1       java.lang.ClassNotFoundException::<init> (7 bytes)
Event: 1.614 Thread 0x000001d26150ed80 nmethod 2483 0x000001d2566bcf10 code [0x000001d2566bd0a0, 0x000001d2566bd1b8]
Event: 1.614 Thread 0x000001d266d29500 nmethod 2481 0x000001d2566bd210 code [0x000001d2566bd3e0, 0x000001d2566bd708]
Event: 1.614 Thread 0x000001d261511440 nmethod 2484 0x000001d2566bd790 code [0x000001d2566bd940, 0x000001d2566bda28]
Event: 1.614 Thread 0x000001d2612de070 nmethod 2482 0x000001d2566bdb10 code [0x000001d2566bdca0, 0x000001d2566bde20]
Event: 1.614 Thread 0x000001d26150ed80 2485       1       java.lang.ReflectiveOperationException::<init> (7 bytes)
Event: 1.614 Thread 0x000001d266d29500 2486       1       java.lang.invoke.DirectMethodHandle$Holder::invokeStatic (14 bytes)
Event: 1.615 Thread 0x000001d26150ed80 nmethod 2485 0x000001d2566bde90 code [0x000001d2566be040, 0x000001d2566be120]
Event: 1.615 Thread 0x000001d266d29500 nmethod 2486 0x000001d2566be190 code [0x000001d2566be340, 0x000001d2566be468]

GC Heap History (4 events):
Event: 0.497 GC heap before
{Heap before GC invocations=0 (full 0):
 garbage-first heap   total 260096K, used 20480K [0x0000000703600000, 0x0000000800000000)
  region size 2048K, 11 young (22528K), 0 survivors (0K)
 Metaspace       used 3410K, committed 3584K, reserved 1114112K
  class space    used 433K, committed 512K, reserved 1048576K
}
Event: 0.501 GC heap after
{Heap after GC invocations=1 (full 0):
 garbage-first heap   total 260096K, used 9009K [0x0000000703600000, 0x0000000800000000)
  region size 2048K, 2 young (4096K), 2 survivors (4096K)
 Metaspace       used 3410K, committed 3584K, reserved 1114112K
  class space    used 433K, committed 512K, reserved 1048576K
}
Event: 0.893 GC heap before
{Heap before GC invocations=1 (full 0):
 garbage-first heap   total 260096K, used 29489K [0x0000000703600000, 0x0000000800000000)
  region size 2048K, 12 young (24576K), 2 survivors (4096K)
 Metaspace       used 6120K, committed 6336K, reserved 1114112K
  class space    used 804K, committed 896K, reserved 1048576K
}
Event: 0.895 GC heap after
{Heap after GC invocations=2 (full 0):
 garbage-first heap   total 260096K, used 9721K [0x0000000703600000, 0x0000000800000000)
  region size 2048K, 1 young (2048K), 1 survivors (2048K)
 Metaspace       used 6120K, committed 6336K, reserved 1114112K
  class space    used 804K, committed 896K, reserved 1048576K
}

Dll operation events (7 events):
Event: 0.008 Loaded shared library C:\Program Files\Java\jdk-21\bin\java.dll
Event: 0.131 Loaded shared library C:\Program Files\Java\jdk-21\bin\net.dll
Event: 0.134 Loaded shared library C:\Program Files\Java\jdk-21\bin\nio.dll
Event: 0.138 Loaded shared library C:\Program Files\Java\jdk-21\bin\zip.dll
Event: 0.275 Loaded shared library C:\Program Files\Java\jdk-21\bin\jimage.dll
Event: 0.538 Loaded shared library C:\Program Files\Java\jdk-21\bin\management.dll
Event: 0.541 Loaded shared library C:\Program Files\Java\jdk-21\bin\management_ext.dll

Deoptimization events (0 events):
No events

Classes loaded (20 events):
Event: 1.524 Loading class java/io/InvalidObjectException
Event: 1.524 Loading class java/io/InvalidObjectException done
Event: 1.526 Loading class java/util/concurrent/ConcurrentLinkedQueue
Event: 1.526 Loading class java/util/concurrent/ConcurrentLinkedQueue done
Event: 1.526 Loading class java/util/concurrent/ConcurrentLinkedQueue$Node
Event: 1.526 Loading class java/util/concurrent/ConcurrentLinkedQueue$Node done
Event: 1.528 Loading class java/util/concurrent/atomic/AtomicLongArray
Event: 1.528 Loading class java/util/concurrent/atomic/AtomicLongArray done
Event: 1.528 Loading class java/lang/invoke/VarHandleLongs$Array
Event: 1.528 Loading class java/lang/invoke/VarHandleLongs$Array done
Event: 1.528 Loading class java/util/concurrent/atomic/AtomicReferenceArray
Event: 1.528 Loading class java/util/concurrent/atomic/AtomicReferenceArray done
Event: 1.528 Loading class java/lang/invoke/VarHandleReferences$Array
Event: 1.528 Loading class java/lang/invoke/VarHandleReferences$Array done
Event: 1.562 Loading class sun/text/resources/cldr/FormatData_en
Event: 1.562 Loading class sun/text/resources/cldr/FormatData_en done
Event: 1.562 Loading class sun/text/resources/cldr/FormatData_en_US
Event: 1.562 Loading class sun/text/resources/cldr/FormatData_en_US done
Event: 1.573 Loading class java/io/CharArrayReader
Event: 1.573 Loading class java/io/CharArrayReader done

Classes unloaded (0 events):
No events

Classes redefined (0 events):
No events

Internal exceptions (20 events):
Event: 1.020 Thread 0x000001d2666e9ea0 Exception <a 'java/lang/NoSuchMethodError'{0x0000000712c1aec8}: 'java.lang.Object java.lang.invoke.DirectMethodHandle$Holder.newInvokeSpecial(java.lang.Object, java.lang.Object, java.lang.Object, int, java.lang.Object)'> (0x0000000712c1aec8) 
thrown [s\open\src\hotspot\share\interpreter\linkResolver.cpp, line 773]
Event: 1.021 Thread 0x000001d2666e9ea0 Exception <a 'java/lang/NoSuchMethodError'{0x0000000712c22360}: 'java.lang.Object java.lang.invoke.Invokers$Holder.linkToTargetMethod(java.lang.Object, java.lang.Object, int, java.lang.Object, java.lang.Object)'> (0x0000000712c22360) 
thrown [s\open\src\hotspot\share\interpreter\linkResolver.cpp, line 773]
Event: 1.021 Thread 0x000001d2666e9ea0 Exception <a 'java/lang/NoSuchMethodError'{0x0000000712c31c38}: 'java.lang.Object java.lang.invoke.DirectMethodHandle$Holder.newInvokeSpecial(java.lang.Object, int, java.lang.Object)'> (0x0000000712c31c38) 
thrown [s\open\src\hotspot\share\interpreter\linkResolver.cpp, line 773]
Event: 1.022 Thread 0x000001d2666e9ea0 Exception <a 'java/lang/NoSuchMethodError'{0x0000000712c36640}: 'int java.lang.invoke.DirectMethodHandle$Holder.invokeSpecialIFC(java.lang.Object, java.lang.Object, java.lang.Object, java.lang.Object)'> (0x0000000712c36640) 
thrown [s\open\src\hotspot\share\interpreter\linkResolver.cpp, line 773]
Event: 1.035 Thread 0x000001d2666e9ea0 Exception <a 'java/lang/NoSuchMethodError'{0x0000000712d1fe08}: 'void java.lang.invoke.DirectMethodHandle$Holder.invokeInterface(java.lang.Object, java.lang.Object, java.lang.Object)'> (0x0000000712d1fe08) 
thrown [s\open\src\hotspot\share\interpreter\linkResolver.cpp, line 773]
Event: 1.051 Thread 0x000001d2666e9ea0 Exception <a 'java/lang/NoSuchMethodError'{0x0000000712dc24b0}: 'java.lang.reflect.Field[] java.lang.Class.getDeclaredFields(java.lang.Class)'> (0x0000000712dc24b0) 
thrown [s\open\src\hotspot\share\interpreter\linkResolver.cpp, line 773]
Event: 1.052 Thread 0x000001d2666e9ea0 Exception <a 'java/lang/NoSuchMethodError'{0x0000000712dc6e10}: 'java.lang.Object java.lang.invoke.DirectMethodHandle$Holder.invokeStatic(java.lang.Object, java.lang.Object, int)'> (0x0000000712dc6e10) 
thrown [s\open\src\hotspot\share\interpreter\linkResolver.cpp, line 773]
Event: 1.053 Thread 0x000001d2666e9ea0 Exception <a 'java/lang/NoSuchMethodError'{0x0000000712dd1fc0}: 'void java.lang.invoke.DelegatingMethodHandle$Holder.delegate(java.lang.Object, java.lang.Object, int, java.lang.Object)'> (0x0000000712dd1fc0) 
thrown [s\open\src\hotspot\share\interpreter\linkResolver.cpp, line 773]
Event: 1.089 Thread 0x000001d2666e9ea0 Exception <a 'java/lang/NoSuchMethodError'{0x0000000712b4f890}: 'void java.lang.invoke.DirectMethodHandle$Holder.invokeStaticInit(java.lang.Object, java.lang.Object, java.lang.Object)'> (0x0000000712b4f890) 
thrown [s\open\src\hotspot\share\interpreter\linkResolver.cpp, line 773]
Event: 1.093 Thread 0x000001d2666e9ea0 Exception <a 'java/lang/NoSuchMethodError'{0x0000000712b9a588}: 'java.lang.Object java.lang.invoke.DirectMethodHandle$Holder.invokeVirtual(java.lang.Object, java.lang.Object, java.lang.Object)'> (0x0000000712b9a588) 
thrown [s\open\src\hotspot\share\interpreter\linkResolver.cpp, line 773]
Event: 1.096 Thread 0x000001d2666e9ea0 Exception <a 'java/lang/NoSuchMethodError'{0x0000000712bbd540}: 'java.lang.Object java.lang.invoke.DirectMethodHandle$Holder.invokeStatic(java.lang.Object, long, java.lang.Object)'> (0x0000000712bbd540) 
thrown [s\open\src\hotspot\share\interpreter\linkResolver.cpp, line 773]
Event: 1.096 Thread 0x000001d2666e9ea0 Exception <a 'java/lang/NoSuchMethodError'{0x0000000712bc0ba8}: 'java.lang.Object java.lang.invoke.DirectMethodHandle$Holder.invokeStaticInit(java.lang.Object, long, java.lang.Object)'> (0x0000000712bc0ba8) 
thrown [s\open\src\hotspot\share\interpreter\linkResolver.cpp, line 773]
Event: 1.096 Thread 0x000001d2666e9ea0 Exception <a 'java/lang/NoSuchMethodError'{0x0000000712bc6050}: 'java.lang.Object java.lang.invoke.DirectMethodHandle$Holder.newInvokeSpecial(java.lang.Object, long)'> (0x0000000712bc6050) 
thrown [s\open\src\hotspot\share\interpreter\linkResolver.cpp, line 773]
Event: 1.105 Thread 0x000001d2666e9ea0 Exception <a 'java/lang/NoSuchMethodError'{0x0000000712829070}: 'void java.lang.invoke.DirectMethodHandle$Holder.invokeVirtual(java.lang.Object, java.lang.Object, java.lang.Object, java.lang.Object)'> (0x0000000712829070) 
thrown [s\open\src\hotspot\share\interpreter\linkResolver.cpp, line 773]
Event: 1.130 Thread 0x000001d2666e9ea0 Exception <a 'java/lang/IncompatibleClassChangeError'{0x0000000712989308}: Found class java.lang.Object, but interface was expected> (0x0000000712989308) 
thrown [s\open\src\hotspot\share\interpreter\linkResolver.cpp, line 840]
Event: 1.136 Thread 0x000001d2666e9ea0 Exception <a 'java/lang/NoSuchMethodError'{0x00000007129ec090}: 'java.lang.Object java.lang.invoke.DirectMethodHandle$Holder.invokeStaticInit(java.lang.Object, int)'> (0x00000007129ec090) 
thrown [s\open\src\hotspot\share\interpreter\linkResolver.cpp, line 773]
Event: 1.137 Thread 0x000001d2666e9ea0 Exception <a 'java/lang/NoSuchMethodError'{0x00000007129f6078}: 'java.lang.Object java.lang.invoke.DirectMethodHandle$Holder.invokeStatic(java.lang.Object, int, java.lang.Object)'> (0x00000007129f6078) 
thrown [s\open\src\hotspot\share\interpreter\linkResolver.cpp, line 773]
Event: 1.137 Thread 0x000001d2666e9ea0 Exception <a 'java/lang/NoSuchMethodError'{0x000000071264c370}: 'java.lang.Object java.lang.invoke.DirectMethodHandle$Holder.invokeStaticInit(java.lang.Object, int, java.lang.Object)'> (0x000000071264c370) 
thrown [s\open\src\hotspot\share\interpreter\linkResolver.cpp, line 773]
Event: 1.480 Thread 0x000001d2666e9ea0 Exception <a 'java/lang/NoSuchMethodError'{0x0000000710c1aa60}: 'int java.lang.invoke.DirectMethodHandle$Holder.invokeSpecial(java.lang.Object, java.lang.Object, java.lang.Object, java.lang.Object, java.lang.Object)'> (0x0000000710c1aa60) 
thrown [s\open\src\hotspot\share\interpreter\linkResolver.cpp, line 773]
Event: 1.482 Thread 0x000001d2666e9ea0 Exception <a 'java/lang/NoSuchMethodError'{0x0000000710c22d68}: 'void java.lang.invoke.DirectMethodHandle$Holder.invokeVirtual(java.lang.Object, java.lang.Object)'> (0x0000000710c22d68) 
thrown [s\open\src\hotspot\share\interpreter\linkResolver.cpp, line 773]

ZGC Phase Switch (0 events):
No events

VM Operations (20 events):
Event: 1.098 Executing VM operation: ICBufferFull
Event: 1.098 Executing VM operation: ICBufferFull done
Event: 1.123 Executing VM operation: HandshakeAllThreads (Deoptimize)
Event: 1.123 Executing VM operation: HandshakeAllThreads (Deoptimize) done
Event: 1.126 Executing VM operation: HandshakeAllThreads (Deoptimize)
Event: 1.126 Executing VM operation: HandshakeAllThreads (Deoptimize) done
Event: 1.424 Executing VM operation: HandshakeAllThreads (Deoptimize)
Event: 1.425 Executing VM operation: HandshakeAllThreads (Deoptimize) done
Event: 1.466 Executing VM operation: HandshakeAllThreads (Deoptimize)
Event: 1.466 Executing VM operation: HandshakeAllThreads (Deoptimize) done
Event: 1.483 Executing VM operation: HandshakeAllThreads (Deoptimize)
Event: 1.483 Executing VM operation: HandshakeAllThreads (Deoptimize) done
Event: 1.484 Executing VM operation: HandshakeAllThreads (Deoptimize)
Event: 1.484 Executing VM operation: HandshakeAllThreads (Deoptimize) done
Event: 1.550 Executing VM operation: ICBufferFull
Event: 1.551 Executing VM operation: ICBufferFull done
Event: 1.565 Executing VM operation: HandshakeAllThreads (Deoptimize)
Event: 1.565 Executing VM operation: HandshakeAllThreads (Deoptimize) done
Event: 1.565 Executing VM operation: HandshakeAllThreads (Deoptimize)
Event: 1.565 Executing VM operation: HandshakeAllThreads (Deoptimize) done

Events (19 events):
Event: 0.024 Thread 0x000001d24c1b2ae0 Thread added: 0x000001d24c1b2ae0
Event: 0.038 Thread 0x000001d2612d4ff0 Thread added: 0x000001d2612d4ff0
Event: 0.039 Thread 0x000001d2612d5d10 Thread added: 0x000001d2612d5d10
Event: 0.039 Thread 0x000001d2612d7020 Thread added: 0x000001d2612d7020
Event: 0.039 Thread 0x000001d2612d91a0 Thread added: 0x000001d2612d91a0
Event: 0.039 Thread 0x000001d2612d9c00 Thread added: 0x000001d2612d9c00
Event: 0.039 Thread 0x000001d2612dc7a0 Thread added: 0x000001d2612dc7a0
Event: 0.039 Thread 0x000001d2612de070 Thread added: 0x000001d2612de070
Event: 0.120 Thread 0x000001d26150ed80 Thread added: 0x000001d26150ed80
Event: 0.121 Thread 0x000001d261511440 Thread added: 0x000001d261511440
Event: 0.123 Thread 0x000001d261526210 Thread added: 0x000001d261526210
Event: 0.126 Thread 0x000001d26152ea60 Thread added: 0x000001d26152ea60
Event: 0.647 Thread 0x000001d2666e1290 Thread added: 0x000001d2666e1290
Event: 0.652 Thread 0x000001d2666e9ea0 Thread added: 0x000001d2666e9ea0
Event: 1.071 Thread 0x000001d266867c20 Thread added: 0x000001d266867c20
Event: 1.079 Thread 0x000001d266867c20 Thread exited: 0x000001d266867c20
Event: 1.129 Thread 0x000001d2668c5e90 Thread added: 0x000001d2668c5e90
Event: 1.553 Thread 0x000001d266d29500 Thread added: 0x000001d266d29500
Event: 1.607 Thread 0x000001d266d86820 Thread added: 0x000001d266d86820


Dynamic libraries:
0x00007ff6c1df0000 - 0x00007ff6c1e00000 	C:\Program Files\Java\jdk-21\bin\java.exe
0x00007fff3f570000 - 0x00007fff3f787000 	C:\WINDOWS\SYSTEM32\ntdll.dll
0x00007fff3d610000 - 0x00007fff3d6d4000 	C:\WINDOWS\System32\KERNEL32.DLL
0x00007fff3c9b0000 - 0x00007fff3cd82000 	C:\WINDOWS\System32\KERNELBASE.dll
0x00007fff3c660000 - 0x00007fff3c771000 	C:\WINDOWS\System32\ucrtbase.dll
0x00007fff1e890000 - 0x00007fff1e8a9000 	C:\Program Files\Java\jdk-21\bin\jli.dll
0x00007fff1e590000 - 0x00007fff1e5ab000 	C:\Program Files\Java\jdk-21\bin\VCRUNTIME140.dll
0x00007fff3ef40000 - 0x00007fff3eff1000 	C:\WINDOWS\System32\ADVAPI32.dll
0x00007fff3ddb0000 - 0x00007fff3de57000 	C:\WINDOWS\System32\msvcrt.dll
0x00007fff3f480000 - 0x00007fff3f528000 	C:\WINDOWS\System32\sechost.dll
0x00007fff3c780000 - 0x00007fff3c7a8000 	C:\WINDOWS\System32\bcrypt.dll
0x00007fff3d3f0000 - 0x00007fff3d504000 	C:\WINDOWS\System32\RPCRT4.dll
0x00007fff3f2b0000 - 0x00007fff3f461000 	C:\WINDOWS\System32\USER32.dll
0x00007fff3cf40000 - 0x00007fff3cf66000 	C:\WINDOWS\System32\win32u.dll
0x00007fff21ff0000 - 0x00007fff2228b000 	C:\WINDOWS\WinSxS\amd64_microsoft.windows.common-controls_6595b64144ccf1df_6.0.22621.5547_none_27104afb73855772\COMCTL32.dll
0x00007fff3d220000 - 0x00007fff3d249000 	C:\WINDOWS\System32\GDI32.dll
0x00007fff3ce10000 - 0x00007fff3cf33000 	C:\WINDOWS\System32\gdi32full.dll
0x00007fff3cff0000 - 0x00007fff3d08a000 	C:\WINDOWS\System32\msvcp_win.dll
0x00007fff318e0000 - 0x00007fff318ea000 	C:\WINDOWS\SYSTEM32\VERSION.dll
0x00007fff3d580000 - 0x00007fff3d5b1000 	C:\WINDOWS\System32\IMM32.DLL
0x00007fff368e0000 - 0x00007fff368ec000 	C:\Program Files\Java\jdk-21\bin\vcruntime140_1.dll
0x00007fff1dce0000 - 0x00007fff1dd6e000 	C:\Program Files\Java\jdk-21\bin\msvcp140.dll
0x00007ffe8d280000 - 0x00007ffe8df9d000 	C:\Program Files\Java\jdk-21\bin\server\jvm.dll
0x00007fff3d250000 - 0x00007fff3d2c1000 	C:\WINDOWS\System32\WS2_32.dll
0x00007fff3bef0000 - 0x00007fff3bf3d000 	C:\WINDOWS\SYSTEM32\POWRPROF.dll
0x00007fff36600000 - 0x00007fff36634000 	C:\WINDOWS\SYSTEM32\WINMM.dll
0x00007fff3bed0000 - 0x00007fff3bee3000 	C:\WINDOWS\SYSTEM32\UMPDC.dll
0x00007fff3b650000 - 0x00007fff3b668000 	C:\WINDOWS\SYSTEM32\kernel.appcore.dll
0x00007fff24370000 - 0x00007fff2437a000 	C:\Program Files\Java\jdk-21\bin\jimage.dll
0x00007fff3a050000 - 0x00007fff3a283000 	C:\WINDOWS\SYSTEM32\DBGHELP.DLL
0x00007fff3e2e0000 - 0x00007fff3e673000 	C:\WINDOWS\System32\combase.dll
0x00007fff3f000000 - 0x00007fff3f0d7000 	C:\WINDOWS\System32\OLEAUT32.dll
0x00007fff24070000 - 0x00007fff240a2000 	C:\WINDOWS\SYSTEM32\dbgcore.DLL
0x00007fff3cf70000 - 0x00007fff3cfeb000 	C:\WINDOWS\System32\bcryptPrimitives.dll
0x00007fff1e570000 - 0x00007fff1e58f000 	C:\Program Files\Java\jdk-21\bin\java.dll
0x00007fff3e690000 - 0x00007fff3ef32000 	C:\WINDOWS\System32\SHELL32.dll
0x00007fff3c7b0000 - 0x00007fff3c8ef000 	C:\WINDOWS\System32\wintypes.dll
0x00007fff3a540000 - 0x00007fff3ae5d000 	C:\WINDOWS\SYSTEM32\windows.storage.dll
0x00007fff3e000000 - 0x00007fff3e10c000 	C:\WINDOWS\System32\SHCORE.dll
0x00007fff3d510000 - 0x00007fff3d579000 	C:\WINDOWS\System32\shlwapi.dll
0x00007fff3c590000 - 0x00007fff3c5bb000 	C:\WINDOWS\SYSTEM32\profapi.dll
0x00007fff22540000 - 0x00007fff22550000 	C:\Program Files\Java\jdk-21\bin\net.dll
0x00007fff37330000 - 0x00007fff3745c000 	C:\WINDOWS\SYSTEM32\WINHTTP.dll
0x00007fff3bac0000 - 0x00007fff3bb29000 	C:\WINDOWS\system32\mswsock.dll
0x00007fff1dcc0000 - 0x00007fff1dcd6000 	C:\Program Files\Java\jdk-21\bin\nio.dll
0x00007fff17910000 - 0x00007fff17928000 	C:\Program Files\Java\jdk-21\bin\zip.dll
0x00007fff1df10000 - 0x00007fff1df1a000 	C:\Program Files\Java\jdk-21\bin\management.dll
0x00007fff1dec0000 - 0x00007fff1decb000 	C:\Program Files\Java\jdk-21\bin\management_ext.dll
0x00007fff3d920000 - 0x00007fff3d928000 	C:\WINDOWS\System32\PSAPI.DLL
0x00007fff3b0c0000 - 0x00007fff3b0ed000 	C:\WINDOWS\SYSTEM32\IPHLPAPI.DLL
0x00007fff3e680000 - 0x00007fff3e689000 	C:\WINDOWS\System32\NSI.dll
0x00007fff3b130000 - 0x00007fff3b228000 	C:\WINDOWS\SYSTEM32\DNSAPI.dll
0x00007fff31da0000 - 0x00007fff31daa000 	C:\Windows\System32\rasadhlp.dll
0x00007fff34a00000 - 0x00007fff34a84000 	C:\WINDOWS\System32\fwpuclnt.dll

dbghelp: loaded successfully - version: 4.0.5 - missing functions: none
symbol engine: initialized successfully - sym options: 0x614 - pdb path: .;C:\Program Files\Java\jdk-21\bin;C:\WINDOWS\SYSTEM32;C:\WINDOWS\WinSxS\amd64_microsoft.windows.common-controls_6595b64144ccf1df_6.0.22621.5547_none_27104afb73855772;C:\Program Files\Java\jdk-21\bin\server

VM Arguments:
jvm_args: -XX:TieredStopAtLevel=1 
java_command: com.zaphira.wallet.WalletServiceApplication
java_class_path (initial): C:\Users\HP\Downloads\zaphira-24-12-2025\services-tree\wallet-service\target\classes;C:\Users\HP\.m2\repository\ch\qos\logback\logback-classic\1.4.14\logback-classic-1.4.14.jar;C:\Users\HP\.m2\repository\ch\qos\logback\logback-core\1.4.14\logback-core-1.4.14.jar;C:\Users\HP\.m2\repository\org\apache\logging\log4j\log4j-to-slf4j\2.21.1\log4j-to-slf4j-2.21.1.jar;C:\Users\HP\.m2\repository\org\apache\logging\log4j\log4j-api\2.21.1\log4j-api-2.21.1.jar;C:\Users\HP\.m2\repository\org\slf4j\jul-to-slf4j\2.0.12\jul-to-slf4j-2.0.12.jar;C:\Users\HP\.m2\repository\jakarta\annotation\jakarta.annotation-api\2.1.1\jakarta.annotation-api-2.1.1.jar;C:\Users\HP\.m2\repository\org\yaml\snakeyaml\2.2\snakeyaml-2.2.jar;C:\Users\HP\.m2\repository\com\fasterxml\jackson\datatype\jackson-datatype-jdk8\2.15.4\jackson-datatype-jdk8-2.15.4.jar;C:\Users\HP\.m2\repository\com\fasterxml\jackson\module\jackson-module-parameter-names\2.15.4\jackson-module-parameter-names-2.15.4.jar;C:\Users\HP\.m2\repository\org\apache\tomcat\embed\tomcat-embed-core\10.1.19\tomcat-embed-core-10.1.19.jar;C:\Users\HP\.m2\repository\org\apache\tomcat\embed\tomcat-embed-websocket\10.1.19\tomcat-embed-websocket-10.1.19.jar;C:\Users\HP\.m2\repository\org\springframework\spring-web\6.1.4\spring-web-6.1.4.jar;C:\Users\HP\.m2\repository\org\springframework\spring-beans\6.1.4\spring-beans-6.1.4.jar;C:\Users\HP\.m2\repository\org\springframework\spring-webmvc\6.1.4\spring-webmvc-6.1.4.jar;C:\Users\HP\.m2\repository\org\springframework\spring-aop\6.1.4\spring-aop-6.1.4.jar;C:\Users\HP\.m2\repository\org\springframework\spring-expression\6.1.4\spring-expression-6.1.4.jar;C:\Users\HP\.m2\repository\org\aspectj\aspectjweaver\1.9.21\aspectjweaver-1.9.21.jar;C:\Users\HP\.m2\repository\com\zaxxer\HikariCP\5.0.1\HikariCP-5.0.1.jar;C:\Users\HP\.m2\repository\org\springframework\spring-jdbc\6.1.4\spring-jdbc-6.1.4.jar;C:\Users\HP\.m2\repository\org\hibernate\orm\hibernate-core\6.4.4.Final\hibernate-core-6.4.4.Final.jar;C:\Users\HP\.m2\repository\jakarta\transaction\jakarta.transaction-api\2.0.1\jakarta.transaction-api-2.0.1.jar;C:\Users\HP\.m2\repository\org\jboss\logging\jboss-logging\3.5.3.Final\jboss-logging-3.5.3.Final.jar;C:\Users\HP\.m2\repository\org\hibernate\common\hibernate-commons-annotations\6.0.6.Final\hibernate-commons-annotations-6.0.6.Final.jar;C:\Users\HP\.m2\repository\io\smallrye\jandex\3.1.2\jandex-3.1.2.jar;C:\Users\HP\.m2\repository\com\fasterxml\classmate\1.6.0\classmate-1.6.0.jar;C:\Users\HP\.m2\repository\net\bytebuddy\byte-buddy\1.14.12\byte-buddy-1.14.12.jar;C:\Users\HP\.m2\repository\org\glassfish\jaxb\jaxb-runtime\4.0.4\jaxb-runtime-4.0.4.jar;C:\Users\HP\.m2\repository\org\glassfish\jaxb\jaxb-core\4.0.4\jaxb-core-4.0.4.jar;C:\Users\HP\.m2\repository\org\eclipse\angus\angus-activation\2.0.1\angus-activation-2.0.1.jar;C:\Users\HP\.m2\repository\org\glassfish\jaxb\txw2\4.0.4\txw2-4.0.4.jar;C:\Users\HP\.m2\repository\com\sun\istack\istack-commons-runtime\4.1.2\istack-commons-runtime-4.1.2.jar;C:\Users\HP\.m2\repository\jakarta\inject\jakarta.inject-api\2.0.1\jakarta.inject-api-2.0.1.jar;C:\Users\HP\.m2\repository\org\antlr\antlr4-runtime\4.13.0\antlr4-runtime-4.13.0.jar;C:\Users\HP\.m2\repository\org\springframework\data\spring-data-jpa\3.2.3\spring-data-jpa-3.2.3.jar;C:\Users\HP\.m2\repository\org\springframework\data\spring-data-commons\3.2.3\spring-data-commons-3.2.3.jar;C:\Users\HP\.m2\repository\org\springframework\spring-orm\6.1.4\spring-orm-6.1.4.jar;C:\Users\HP\.m2\repository\org\slf4j\slf4j-api\2.0.12\slf4j-api-2.0.12.jar;C:\Users\HP\.m2\repository\org\springframework\spring-aspects\6.1.4\spring-aspects-6.1.4.jar;C:\Users\HP\.m2\repository\org\apache\tomcat\embed\tomcat-embed-el\10.1.19\tomcat-embed-el-10.1.19.jar;C:\Users\HP\.m2\repository\org\hibernate\validator\hibernate-validator\8.0.1.Final\hibernate-validator-8.0.1.Final.jar;C:\Users\HP\.m2\repository\org\springframework\cloud\spring-cloud-starter-netflix-eureka-client\4.1.1\spring-cloud-starter-netflix-eureka-client-4.1.1.jar;C:\Users\HP\.m2\repository\org\springframework\cloud\spring-cloud-starter\4.1.2\spring-cloud-starter-4.1.2.jar;C:\Users\HP\.m2\repository\org\springframework\cloud\spring-cloud-context\4.1.2\spring-cloud-context-4.1.2.jar;C:\Users\HP\.m2\repository\org\springframework\security\spring-security-rsa\1.1.2\spring-security-rsa-1.1.2.jar;C:\Users\HP\.m2\repository\org\bouncycastle\bcprov-jdk18on\1.77\bcprov-jdk18on-1.77.jar;C:\Users\HP\.m2\repository\org\springframework\cloud\spring-cloud-netflix-eureka-client\4.1.1\spring-cloud-netflix-eureka-client-4.1.1.jar;C:\Users\HP\.m2\repository\org\apache\httpcomponents\client5\httpclient5\5.2.3\httpclient5-5.2.3.jar;C:\Users\HP\.m2\repository\org\apache\httpcomponents\core5\httpcore5\5.2.4\httpcore5-5.2.4.jar;C:\Users\HP\.m2\repository\org\apache\httpcomponents\core5\httpcore5-h2\5.2.4\httpcore5-h2-5.2.4.jar;C:\Users\HP\.m2\repository\com\netflix\eureka\eureka-client\2.0.2\eureka-client-2.0.2.jar;C:\Users\HP\.m2\repository\com\netflix\netflix-commons\netflix-eventbus\0.3.0\netflix-eventbus-0.3.0.jar;C:\Users\HP\.m2\repository\com\netflix\netflix-commons\netflix-infix\0.3.0\netflix-infix-0.3.0.jar;C:\Users\HP\.m2\repository\commons-jxpath\commons-jxpath\1.3\commons-jxpath-1.3.jar;C:\Users\HP\.m2\repository\joda-time\joda-time\2.3\joda-time-2.3.jar;C:\Users\HP\.m2\repository\org\antlr\antlr-runtime\3.4\antlr-runtime-3.4.jar;C:\Users\HP\.m2\repository\org\antlr\stringtemplate\3.2.1\stringtemplate-3.2.1.jar;C:\Users\HP\.m2\repository\antlr\antlr\2.7.7\antlr-2.7.7.jar;C:\Users\HP\.m2\repository\com\google\code\gson\gson\2.10.1\gson-2.10.1.jar;C:\Users\HP\.m2\repository\org\apache\commons\commons-math\2.2\commons-math-2.2.jar;C:\Users\HP\.m2\repository\com\thoughtworks\xstream\xstream\1.4.19\xstream-1.4.19.jar;C:\Users\HP\.m2\repository\io\github\x-stream\mxparser\1.2.2\mxparser-1.2.2.jar;C:\Users\HP\.m2\repository\xmlpull\xmlpull\1.1.3.1\xmlpull-1.1.3.1.jar;C:\Users\HP\.m2\repository\jakarta\ws\rs\jakarta.ws.rs-api\3.1.0\jakarta.ws.rs-api-3.1.0.jar;C:\Users\HP\.m2\repository\com\netflix\servo\servo-core\0.12.21\servo-core-0.12.21.jar;C:\Users\HP\.m2\repository\com\google\guava\guava\19.0\guava-19.0.jar;C:\Users\HP\.m2\repository\org\apache\httpcomponents\httpclient\4.5.3\httpclient-4.5.3.jar;C:\Users\HP\.m2\repository\org\apache\httpcomponents\httpcore\4.4.16\httpcore-4.4.16.jar;C:\Users\HP\.m2\repository\commons-codec\commons-codec\1.16.1\commons-codec-1.16.1.jar;C:\Users\HP\.m2\repository\commons-configuration\commons-configuration\1.10\commons-configuration-1.10.jar;C:\Users\HP\.m2\repository\commons-lang\commons-lang\2.6\commons-lang-2.6.jar;C:\Users\HP\.m2\repository\com\fasterxml\jackson\core\jackson-annotations\2.15.4\jackson-annotations-2.15.4.jar;C:\Users\HP\.m2\repository\com\fasterxml\jackson\core\jackson-core\2.15.4\jackson-core-2.15.4.jar;C:\Users\HP\.m2\repository\org\codehaus\jettison\jettison\1.5.4\jettison-1.5.4.jar;C:\Users\HP\.m2\repository\com\netflix\eureka\eureka-core\2.0.2\eureka-core-2.0.2.jar;C:\Users\HP\.m2\repository\com\fasterxml\woodstox\woodstox-core\6.2.1\woodstox-core-6.2.1.jar;C:\Users\HP\.m2\repository\org\codehaus\woodstox\stax2-api\4.2.1\stax2-api-4.2.1.jar;C:\Users\HP\.m2\repository\org\springframework\cloud\spring-cloud-starter-loadbalancer\4.1.2\spring-cloud-starter-loadbalancer-4.1.2.jar;C:\Users\HP\.m2\repository\org\springframework\cloud\spring-cloud-loadbalancer\4.1.2\spring-cloud-loadbalancer-4.1.2.jar;C:\Users\HP\.m2\repository\io\projectreactor\reactor-core\3.6.3\reactor-core-3.6.3.jar;C:\Users\HP\.m2\repository\org\reactivestreams\reactive-streams\1.0.4\reactive-streams-1.0.4.jar;C:\Users\HP\.m2\repository\io\projectreactor\addons\reactor-extra\3.5.1\reactor-extra-3.5.1.jar;C:\Users\HP\.m2\repository\org\springframework\spring-context-support\6.1.4\spring-context-support-6.1.4.jar;C:\Users\HP\.m2\repository\com\stoyanr\evictor\1.0.0\evictor-1.0.0.jar;C:\Users\HP\.m2\repository\org\springframework\cloud\spring-cloud-starter-openfeign\4.1.1\spring-cloud-starter-openfeign-4.1.1.jar;C:\Users\HP\.m2\repository\org\springframework\cloud\spring-cloud-openfeign-core\4.1.1\spring-cloud-openfeign-core-4.1.1.jar;C:\Users\HP\.m2\repository\io\github\openfeign\form\feign-form-spring\3.8.0\feign-form-spring-3.8.0.jar;C:\Users\HP\.m2\repository\io\github\openfeign\form\feign-form\3.8.0\feign-form-3.8.0.jar;C:\Users\HP\.m2\repository\commons-fileupload\commons-fileupload\1.5\commons-fileupload-1.5.jar;C:\Users\HP\.m2\repository\commons-io\commons-io\2.11.0\commons-io-2.11.0.jar;C:\Users\HP\.m2\repository\org\springframework\cloud\spring-cloud-commons\4.1.2\spring-cloud-commons-4.1.2.jar;C:\Users\HP\.m2\repository\org\springframework\security\spring-security-crypto\6.2.2\spring-security-crypto-6.2.2.jar;C:\Users\HP\.m2\repository\io\github\openfeign\feign-core\13.2.1\feign-core-13.2.1.jar;C:\Users\HP\.m2\repository\io\github\openfeign\feign-slf4j\13.2.1\feign-slf4j-13.2.1.jar;C:\Users\HP\.m2\repository\org\springframework\kafka\spring-kafka\3.1.2\spring-kafka-3.1.2.jar;C:\Users\HP\.m2\repository\org\springframework\spring-context\6.1.4\spring-context-6.1.4.jar;C:\Users\HP\.m2\repository\org\springframework\spring-messaging\6.1.4\spring-messaging-6.1.4.jar;C:\Users\HP\.m2\repository\org\springframework\spring-tx\6.1.4\spring-tx-6.1.4.jar;C:\Users\HP\.m2\repository\org\springframework\retry\spring-retry\2.0.5\spring-retry-2.0.5.jar;C:\Users\HP\.m2\repository\org\apache\kafka\kafka-clients\3.6.1\kafka-clients-3.6.1.jar;C:\Users\HP\.m2\repository\com\github\luben\zstd-jni\1.5.5-1\zstd-jni-1.5.5-1.jar;C:\Users\HP\.m2\repository\org\lz4\lz4-java\1.8.0\lz4-java-1.8.0.jar;C:\Users\HP\.m2\repository\org\xerial\snappy\snappy-java\1.1.10.5\snappy-java-1.1.10.5.jar;C:\Users\HP\.m2\repository\io\micrometer\micrometer-observation\1.12.3\micrometer-observation-1.12.3.jar;C:\Users\HP\.m2\repository\io\micrometer\micrometer-commons\1.12.3\micrometer-commons-1.12.3.jar;C:\Users\HP\.m2\repository\com\google\code\findbugs\jsr305\3.0.2\jsr305-3.0.2.jar;C:\Users\HP\.m2\repository\jakarta\xml\bind\jakarta.xml.bind-api\4.0.1\jakarta.xml.bind-api-4.0.1.jar;C:\Users\HP\.m2\repository\jakarta\activation\jakarta.activation-api\2.1.2\jakarta.activation-api-2.1.2.jar;C:\Users\HP\.m2\repository\org\springframework\spring-core\6.1.4\spring-core-6.1.4.jar;C:\Users\HP\.m2\repository\org\springframework\spring-jcl\6.1.4\spring-jcl-6.1.4.jar;C:\Users\HP\.m2\repository\org\postgresql\postgresql\42.6.1\postgresql-42.6.1.jar;C:\Users\HP\.m2\repository\org\checkerframework\checker-qual\3.31.0\checker-qual-3.31.0.jar;C:\Users\HP\.m2\repository\org\springframework\boot\spring-boot-devtools\3.2.3\spring-boot-devtools-3.2.3.jar;C:\Users\HP\.m2\repository\org\springframework\boot\spring-boot\3.2.3\spring-boot-3.2.3.jar;C:\Users\HP\.m2\repository\org\springframework\boot\spring-boot-autoconfigure\3.2.3\spring-boot-autoconfigure-3.2.3.jar;C:\Users\HP\.m2\repository\org\projectlombok\lombok\1.18.42\lombok-1.18.42.jar;C:\Users\HP\.m2\repository\com\zaphira\common-library\1.0.0-SNAPSHOT\common-library-1.0.0-SNAPSHOT.jar;C:\Users\HP\.m2\repository\jakarta\validation\jakarta.validation-api\3.0.2\jakarta.validation-api-3.0.2.jar;C:\Users\HP\.m2\repository\jakarta\persistence\jakarta.persistence-api\3.1.0\jakarta.persistence-api-3.1.0.jar;C:\Users\HP\.m2\repository\com\fasterxml\jackson\core\jackson-databind\2.15.4\jackson-databind-2.15.4.jar;C:\Users\HP\.m2\repository\com\fasterxml\jackson\datatype\jackson-datatype-jsr310\2.15.4\jackson-datatype-jsr310-2.15.4.jar
Launcher Type: SUN_STANDARD

[Global flags]
     intx CICompilerCount                          = 4                                         {product} {ergonomic}
     uint ConcGCThreads                            = 2                                         {product} {ergonomic}
     uint G1ConcRefinementThreads                  = 8                                         {product} {ergonomic}
   size_t G1HeapRegionSize                         = 2097152                                   {product} {ergonomic}
    uintx GCDrainStackTargetSize                   = 64                                        {product} {ergonomic}
   size_t InitialHeapSize                          = 266338304                                 {product} {ergonomic}
   size_t MarkStackSize                            = 4194304                                   {product} {ergonomic}
   size_t MaxHeapSize                              = 4238344192                                {product} {ergonomic}
   size_t MaxNewSize                               = 2541748224                                {product} {ergonomic}
   size_t MinHeapDeltaBytes                        = 2097152                                   {product} {ergonomic}
   size_t MinHeapSize                              = 8388608                                   {product} {ergonomic}
    uintx NonNMethodCodeHeapSize                   = 4096                                   {pd product} {ergonomic}
    uintx NonProfiledCodeHeapSize                  = 0                                      {pd product} {ergonomic}
     bool ProfileInterpreter                       = false                                  {pd product} {command line}
    uintx ProfiledCodeHeapSize                     = 0                                      {pd product} {ergonomic}
   size_t SoftMaxHeapSize                          = 4238344192                             {manageable} {ergonomic}
     intx TieredStopAtLevel                        = 1                                         {product} {command line}
     bool UseCompressedOops                        = true                           {product lp64_product} {ergonomic}
     bool UseG1GC                                  = true                                      {product} {ergonomic}
     bool UseLargePagesIndividualAllocation        = false                                  {pd product} {ergonomic}

Logging:
Log output configuration:
 #0: stdout all=warning uptime,level,tags foldmultilines=false
 #1: stderr all=off uptime,level,tags foldmultilines=false

Environment Variables:
JAVA_HOME=C:\Program Files\Java\jdk-21
PATH=c:\Users\HP\AppData\Roaming\Code\User\globalStorage\github.copilot-chat\debugCommand;c:\Users\HP\AppData\Roaming\Code\User\globalStorage\github.copilot-chat\copilotCli;C:\Program Files\Common Files\Oracle\Java\javapath;C:\Program Files\Python312\Scripts\;C:\Program Files\Python312\;C:\WINDOWS\system32;C:\WINDOWS;C:\WINDOWS\System32\Wbem;C:\WINDOWS\System32\WindowsPowerShell\v1.0\;C:\WINDOWS\System32\OpenSSH\;C:\Program Files\PuTTY\;C:\Program Files\nodejs\;C:\Program Files\Git\cmd;C:\Users\HP\AppData\Roaming\Python\Python312\Scripts;C:\Program Files\apache-maven-3.9.8\bin;C:\xampp\php;C:\ProgramData\ComposerSetup\bin;C:\ProgramData\chocolatey\bin;C:\Program Files\CMake\bin;C:\Users\HP\AppData\Local\Microsoft\WindowsApps;C:\Users\HP\AppData\Local\Programs\Microsoft VS Code\bin;C:\Users\HP\AppData\Roaming\npm;C:\Users\HP\AppData\Roaming\Python\Python312\Scripts;C:\Program Files\Python312\Scripts\;C:\Program Files\Python312;C:\Users\HP\AppData\Roaming\Composer\vendor\bin;C:\server\php;C:\Program Files\OpenSSL-Win64\bin;C:\Users\HP\Downloads\ngrok-v3-stable-windows-amd64;C:\Program Files\OpenSSL-Win64\lib;C:\Program Files\CodeBlocks\MinGW\bin;C:\xampp\mysql\bin;C:\Program Files (x86)\Nmap;C:\Program Files\Java\jdk-21\bin;c:\Users\HP\.vscode\extensions\vscjava.vscode-java-debug-0.58.4\bundled\scripts\noConfigScripts
USERNAME=HP
LANG=en_US.UTF-8
OS=Windows_NT
PROCESSOR_IDENTIFIER=Intel64 Family 6 Model 126 Stepping 5, GenuineIntel
TMP=C:\Users\HP\AppData\Local\Temp
TEMP=C:\Users\HP\AppData\Local\Temp




Periodic native trim disabled

---------------  S Y S T E M  ---------------

OS:
 Windows 11 , 64 bit Build 22621 (10.0.22621.5415)
OS uptime: 0 days 4:16 hours
Hyper-V role detected

CPU: total 8 (initial active 8) (4 cores per cpu, 2 threads per core) family 6 model 126 stepping 5 microcode 0xa8, cx8, cmov, fxsr, ht, mmx, 3dnowpref, sse, sse2, sse3, ssse3, sse4.1, sse4.2, popcnt, lzcnt, tsc, tscinvbit, avx, avx2, aes, erms, clmul, bmi1, bmi2, adx, avx512f, avx512dq, avx512cd, avx512bw, avx512vl, sha, fma, vzeroupper, avx512_vpopcntdq, avx512_vpclmulqdq, avx512_vaes, avx512_vnni, clflush, clflushopt, avx512_vbmi2, avx512_vbmi, hv, rdtscp, rdpid, fsrm, gfni, avx512_bitalg, f16c, avx512_ifma
Processor Information for all 8 processors :
  Max Mhz: 1498, Current Mhz: 1298, Mhz Limit: 1288

Memory: 4k page, system-wide physical 16161M (2680M free)
TotalPageFile size 18942M (AvailPageFile size 14M)
current process WorkingSet (physical memory assigned to process): 132M, peak: 132M
current process commit charge ("private bytes"): 371M, peak: 371M

vm_info: Java HotSpot(TM) 64-Bit Server VM (21.0.9+7-LTS-338) for windows-amd64 JRE (21.0.9+7-LTS-338), built on 2025-09-26T06:33:49Z by "mach5run" with MS VC++ 17.6 (VS2022)

END.
