#
# There is insufficient memory for the Java Runtime Environment to continue.
# Native memory allocation (mmap) failed to map 65536 bytes for Failed to commit metaspace.
# Possible reasons:
#   The system is out of physical RAM or swap space
#   The process is running with CompressedOops enabled, and the Java Heap may be blocking the growth of the native heap
# Possible solutions:
#   Reduce memory load on the system
#   Increase physical memory or swap space
#   Check if swap backing store is full
#   Decrease Java heap size (-Xmx/-Xms)
#   Decrease number of Java threads
#   Decrease Java thread stack sizes (-Xss)
#   Set larger code cache with -XX:ReservedCodeCacheSize=
#   JVM is running with Zero Based Compressed Oops mode in which the Java heap is
#     placed in the first 32GB address space. The Java Heap base address is the
#     maximum limit for the native heap growth. Please use -XX:HeapBaseMinAddress
#     to set the Java Heap base and to place the Java Heap above 32GB virtual address.
# This output file may be truncated or incomplete.
#
#  Out of Memory Error (virtualSpaceNode.cpp:112), pid=17864, tid=8912
#
# JRE version: Java(TM) SE Runtime Environment (21.0.9+7) (build 21.0.9+7-LTS-338)
# Java VM: Java HotSpot(TM) 64-Bit Server VM (21.0.9+7-LTS-338, mixed mode, emulated-client, sharing, tiered, compressed oops, compressed class ptrs, g1 gc, windows-amd64)
# No core dump will be written. Minidumps are not enabled by default on client versions of Windows
#

---------------  S U M M A R Y ------------

Command Line: -XX:TieredStopAtLevel=1 com.zaphira.notification.NotificationServiceApplication

Host: Intel(R) Core(TM) i7-1065G7 CPU @ 1.30GHz, 8 cores, 15G,  Windows 11 , 64 bit Build 22621 (10.0.22621.5415)
Time: Mon Jan 12 13:50:22 2026 Morocco Daylight Time elapsed time: 0.915713 seconds (0d 0h 0m 0s)

---------------  T H R E A D  ---------------

Current thread (0x0000022d6f27a2c0):  JavaThread "background-preinit"        [_thread_in_vm, id=8912, stack(0x000000e7aa300000,0x000000e7aa400000) (1024K)]

Stack: [0x000000e7aa300000,0x000000e7aa400000]
Native frames: (J=compiled Java code, j=interpreted, Vv=VM code, C=native code)
V  [jvm.dll+0x6cbf89]
V  [jvm.dll+0x858421]
V  [jvm.dll+0x85a94e]
V  [jvm.dll+0x85b023]
V  [jvm.dll+0x27ebc6]
V  [jvm.dll+0x85403e]
V  [jvm.dll+0x66fcf5]
V  [jvm.dll+0x1e4c4c]
V  [jvm.dll+0x1e4a1e]
V  [jvm.dll+0x672623]
V  [jvm.dll+0x672442]
V  [jvm.dll+0x6706ce]
V  [jvm.dll+0x26901f]
V  [jvm.dll+0x67aa45]
V  [jvm.dll+0x2159b1]
V  [jvm.dll+0x215e3a]
V  [jvm.dll+0x216861]
V  [jvm.dll+0x20bcfe]
V  [jvm.dll+0x5aec2c]
V  [jvm.dll+0x7d2486]
V  [jvm.dll+0x4725b6]
V  [jvm.dll+0x478438]
C  [java.dll+0x17ec]

Java frames: (J=compiled Java code, j=interpreted, Vv=VM code)
J 744  java.lang.ClassLoader.defineClass1(Ljava/lang/ClassLoader;Ljava/lang/String;[BIILjava/security/ProtectionDomain;Ljava/lang/String;)Ljava/lang/Class; java.base@21.0.9 (0 bytes) @ 0x0000022d64b67691 [0x0000022d64b675c0+0x00000000000000d1]
J 1018 c1 java.lang.ClassLoader.defineClass(Ljava/lang/String;[BIILjava/security/ProtectionDomain;)Ljava/lang/Class; java.base@21.0.9 (43 bytes) @ 0x0000022d64bd7d84 [0x0000022d64bd7c60+0x0000000000000124]
J 877 c1 jdk.internal.loader.BuiltinClassLoader.defineClass(Ljava/lang/String;Ljdk/internal/loader/Resource;)Ljava/lang/Class; java.base@21.0.9 (121 bytes) @ 0x0000022d64ba5c24 [0x0000022d64ba56c0+0x0000000000000564]
J 874 c1 jdk.internal.loader.BuiltinClassLoader.findClassOnClassPathOrNull(Ljava/lang/String;)Ljava/lang/Class; java.base@21.0.9 (64 bytes) @ 0x0000022d64ba2cbc [0x0000022d64ba29e0+0x00000000000002dc]
J 474 c1 jdk.internal.loader.BuiltinClassLoader.loadClassOrNull(Ljava/lang/String;Z)Ljava/lang/Class; java.base@21.0.9 (143 bytes) @ 0x0000022d64af830c [0x0000022d64af7f00+0x000000000000040c]
J 765 c1 jdk.internal.loader.ClassLoaders$AppClassLoader.loadClass(Ljava/lang/String;Z)Ljava/lang/Class; java.base@21.0.9 (40 bytes) @ 0x0000022d64b6ff0c [0x0000022d64b6fec0+0x000000000000004c]
J 764 c1 java.lang.ClassLoader.loadClass(Ljava/lang/String;)Ljava/lang/Class; java.base@21.0.9 (7 bytes) @ 0x0000022d64b6f414 [0x0000022d64b6f3c0+0x0000000000000054]
v  ~StubRoutines::call_stub 0x0000022d647610e7
j  org.springframework.http.converter.json.Jackson2ObjectMapperBuilder.build()Lcom/fasterxml/jackson/databind/ObjectMapper;+77
j  org.springframework.http.converter.json.MappingJackson2HttpMessageConverter.<init>()V+4
j  org.springframework.http.converter.support.AllEncompassingFormHttpMessageConverter.<init>()V+55
j  org.springframework.boot.autoconfigure.BackgroundPreinitializer$MessageConverterInitializer.run()V+4
j  org.springframework.boot.autoconfigure.BackgroundPreinitializer$1.runSafely(Ljava/lang/Runnable;)Z+1
j  org.springframework.boot.autoconfigure.BackgroundPreinitializer$1.run()V+32
j  java.lang.Thread.runWith(Ljava/lang/Object;Ljava/lang/Runnable;)V+5 java.base@21.0.9
j  java.lang.Thread.run()V+19 java.base@21.0.9
v  ~StubRoutines::call_stub 0x0000022d647610e7

Compiled method (n/a)     940  744     n 0       java.lang.ClassLoader::defineClass1 (native)
 total in heap  [0x0000022d64b67410,0x0000022d64b67b70] = 1888
 relocation     [0x0000022d64b67570,0x0000022d64b675b0] = 64
 main code      [0x0000022d64b675c0,0x0000022d64b67b6f] = 1455
 stub code      [0x0000022d64b67b6f,0x0000022d64b67b70] = 1

[Constant Pool (empty)]

[MachCode]
[Entry Point]
  # {method} {0x0000022d0043a5f0} 'defineClass1' '(Ljava/lang/ClassLoader;Ljava/lang/String;[BIILjava/security/ProtectionDomain;Ljava/lang/String;)Ljava/lang/Class;' in 'java/lang/ClassLoader'
  # parm0:    rdx:rdx   = 'java/lang/ClassLoader'
  # parm1:    r8:r8     = 'java/lang/String'
  # parm2:    r9:r9     = '[B'
  # parm3:    rdi       = int
  # parm4:    rsi       = int
  # parm5:    rcx:rcx   = 'java/security/ProtectionDomain'
  # parm6:    [sp+0xa0]   = 'java/lang/String'  (sp of caller)
  0x0000022d64b675c0: 448b 5208 | 49bb 0000 | 0000 2d02 | 0000 4d03 | d349 3bc2 | 0f84 0600 

  0x0000022d64b675d8: ;   {runtime_call ic_miss_stub}
  0x0000022d64b675d8: 0000 e9a1 | 73c4 ff90 
[Verified Entry Point]
  0x0000022d64b675e0: 8984 2400 | 80ff ff55 | 488b ec48 | 81ec 9000 | 0000 6690 | 4181 7f20 | 0100 0000 

  0x0000022d64b675fc: ;   {runtime_call StubRoutines (final stubs)}
  0x0000022d64b675fc: 7405 e87d | e7c2 ff48 | 837d 1000 | 488d 4510 | 480f 4445 | 1048 8944 | 2440 4889 | 4c24 7048 
  0x0000022d64b6761c: 83f9 0048 | 8d44 2470 | 480f 4444 | 2470 4889 | 4424 3848 | 8974 2430 | 4889 7c24 | 284c 894c 
  0x0000022d64b6763c: 2458 4983 | f900 488d | 4424 5848 | 0f44 4424 | 5848 8944 | 2420 4c89 | 4424 5049 | 83f8 004c 
  0x0000022d64b6765c: 8d4c 2450 | 4c0f 444c | 2450 4889 | 5424 4848 | 83fa 004c | 8d44 2448 | 4c0f 4444 

  0x0000022d64b67678: ;   {oop(a 'java/lang/Class'{0x0000000703ac8fe0} = 'java/lang/ClassLoader')}
  0x0000022d64b67678: 2448 49be | e08f ac03 | 0700 0000 | 4c89 7424 | 784c 8d74 | 2478 498b | d6c5 f877 

  0x0000022d64b67694: ;   {internal_word}
  0x0000022d64b67694: 49ba 9176 | b664 2d02 | 0000 4d89 | 97a8 0300 | 0049 89a7 | a003 0000 

  0x0000022d64b676ac: ;   {external_word}
  0x0000022d64b676ac: 49ba c087 | 89ef f87f | 0000 4180 | 3a00 0f84 | 4e00 0000 | 5241 5041 

  0x0000022d64b676c4: ;   {metadata({method} {0x0000022d0043a5f0} 'defineClass1' '(Ljava/lang/ClassLoader;Ljava/lang/String;[BIILjava/security/ProtectionDomain;Ljava/lang/String;)Ljava/lang/Class;' in 'java/lang/ClassLoader')}
  0x0000022d64b676c4: 5148 bae8 | a543 002d | 0200 0049 | 8bcf 4883 | ec20 40f6 | c40f 0f84 | 1900 0000 | 4883 ec08 
  0x0000022d64b676e4: ;   {runtime_call}
  0x0000022d64b676e4: 48b8 901e | 3aef f87f | 0000 ffd0 | 4883 c408 | e90c 0000 

  0x0000022d64b676f8: ;   {runtime_call}
  0x0000022d64b676f8: 0048 b890 | 1e3a eff8 | 7f00 00ff | d048 83c4 | 2041 5941 | 585a 498d | 8fc0 0300 | 0041 c787 
  0x0000022d64b67718: 4c04 0000 | 0400 0000 

  0x0000022d64b67720: ;   {runtime_call}
  0x0000022d64b67720: 48b8 ac16 | c471 f97f | 0000 ffd0 | c5f8 7741 | c787 4c04 | 0000 0500 | 0000 f083 | 4424 c000 
  0x0000022d64b67740: 493b af50 | 0400 000f | 870e 0000 | 0041 83bf | 4804 0000 | 000f 842b | 0000 00c5 | f877 4889 
  0x0000022d64b67760: 45f8 498b | cf4c 8be4 | 4883 ec20 | 4883 e4f0 

  0x0000022d64b67770: ;   {runtime_call}
  0x0000022d64b67770: 48b8 60cb | 05ef f87f | 0000 ffd0 | 498b e44d | 33e4 488b | 45f8 41c7 | 874c 0400 | 0008 0000 
  0x0000022d64b67790: 0041 83bf | c804 0000 | 020f 84a3 

  0x0000022d64b6779c: ;   {external_word}
  0x0000022d64b6779c: 0300 0049 | bac0 8789 | eff8 7f00 | 0041 803a | 000f 844c | 0000 0048 

  0x0000022d64b677b4: ;   {metadata({method} {0x0000022d0043a5f0} 'defineClass1' '(Ljava/lang/ClassLoader;Ljava/lang/String;[BIILjava/security/ProtectionDomain;Ljava/lang/String;)Ljava/lang/Class;' in 'java/lang/ClassLoader')}
  0x0000022d64b677b4: 8945 f848 | bae8 a543 | 002d 0200 | 0049 8bcf | 4883 ec20 | 40f6 c40f | 0f84 1900 | 0000 4883 
  0x0000022d64b677d4: ;   {runtime_call}
  0x0000022d64b677d4: ec08 48b8 | 901e 3aef | f87f 0000 | ffd0 4883 | c408 e90c 

  0x0000022d64b677e8: ;   {runtime_call}
  0x0000022d64b677e8: 0000 0048 | b890 1e3a | eff8 7f00 | 00ff d048 | 83c4 2048 | 8b45 f849 | c787 a003 | 0000 0000 
  0x0000022d64b67808: 0000 49c7 | 87a8 0300 | 0000 0000 | 00c5 f877 | 4885 c00f | 84fe 0200 | 00a8 030f | 8508 0000 
  0x0000022d64b67828: 0048 8b00 | e9ee 0200 | 00a8 010f | 8509 0000 | 0048 8b40 | fee9 dd02 | 0000 488b | 40ff 4180 
  0x0000022d64b67848: 7f40 000f | 84ce 0200 | 0048 83f8 | 000f 84c4 | 0200 0049 | 8b4f 2848 | 83f9 000f | 8414 0000 
  0x0000022d64b67868: 0048 83e9 | 0849 894f | 2849 034f | 3848 8901 | e9a2 0200 | 0048 81ec | 5001 0000 | 4889 0424 
  0x0000022d64b67888: 4889 4c24 | 0848 8954 | 2410 4889 | 7424 1848 | 897c 2420 | 4c89 4424 | 284c 894c | 2430 4c89 
  0x0000022d64b678a8: 5424 384c | 895c 2440 | c5fb 1144 | 2450 c5fb | 114c 2458 | c5fb 1154 | 2460 c5fb | 115c 2468 
  0x0000022d64b678c8: c5fb 1164 | 2470 c5fb | 116c 2478 | c5fb 11b4 | 2480 0000 | 00c5 fb11 | bc24 8800 | 0000 c57b 
  0x0000022d64b678e8: ;   {no_reloc}
  0x0000022d64b678e8: 1184 2490 | 0000 00c5 | 7b11 8c24 | 9800 0000 | c57b 1194 | 24a0 0000 | 00c5 7b11 | 9c24 a800 
  0x0000022d64b67908: 0000 c57b | 11a4 24b0 | 0000 00c5 | 7b11 ac24 | b800 0000 | c57b 11b4 | 24c0 0000 | 00c5 7b11 
  0x0000022d64b67928: bc24 c800 | 0000 62e1 | ff08 1144 | 241a 62e1 | ff08 114c | 241b 62e1 | ff08 1154 | 241c 62e1 
  0x0000022d64b67948: ff08 115c | 241d 62e1 | ff08 1164 | 241e 62e1 | ff08 116c | 241f 62e1 | ff08 1174 | 2420 62e1 
  0x0000022d64b67968: ff08 117c | 2421 6261 | ff08 1144 | 2422 6261 | ff08 114c | 2423 6261 | ff08 1154 | 2424 6261 
  0x0000022d64b67988: ff08 115c | 2425 6261 | ff08 1164 | 2426 6261 | ff08 116c | 2427 6261 | ff08 1174 | 2428 6261 
  0x0000022d64b679a8: ff08 117c | 2429 498b | d748 8bc8 | 4883 ec20 | 40f6 c40f | 0f84 1900 | 0000 4883 

  0x0000022d64b679c4: ;   {runtime_call}
  0x0000022d64b679c4: ec08 48b8 | d001 f9ee | f87f 0000 | ffd0 4883 | c408 e90c 

  0x0000022d64b679d8: ;   {runtime_call}
  0x0000022d64b679d8: 0000 0048 | b8d0 01f9 | eef8 7f00 | 00ff d048 | 83c4 2062 | 61ff 0810 | 7c24 2962 | 61ff 0810 
  0x0000022d64b679f8: 7424 2862 | 61ff 0810 | 6c24 2762 | 61ff 0810 | 6424 2662 | 61ff 0810 | 5c24 2562 | 61ff 0810 
  0x0000022d64b67a18: 5424 2462 | 61ff 0810 | 4c24 2362 | 61ff 0810 | 4424 2262 | e1ff 0810 | 7c24 2162 | e1ff 0810 
  0x0000022d64b67a38: 7424 2062 | e1ff 0810 | 6c24 1f62 | e1ff 0810 | 6424 1e62 | e1ff 0810 | 5c24 1d62 | e1ff 0810 
  0x0000022d64b67a58: 5424 1c62 | e1ff 0810 | 4c24 1b62 | e1ff 0810 | 4424 1ac5 | 7b10 bc24 | c800 0000 | c57b 10b4 
  0x0000022d64b67a78: 24c0 0000 | 00c5 7b10 | ac24 b800 | 0000 c57b | 10a4 24b0 | 0000 00c5 | 7b10 9c24 | a800 0000 
  0x0000022d64b67a98: c57b 1094 | 24a0 0000 | 00c5 7b10 | 8c24 9800 | 0000 c57b | 1084 2490 | 0000 00c5 | fb10 bc24 
  0x0000022d64b67ab8: 8800 0000 | c5fb 10b4 | 2480 0000 | 00c5 fb10 | 6c24 78c5 | fb10 6424 | 70c5 fb10 | 5c24 68c5 
  0x0000022d64b67ad8: ;   {no_reloc}
  0x0000022d64b67ad8: fb10 5424 | 60c5 fb10 | 4c24 58c5 | fb10 4424 | 504c 8b5c | 2440 4c8b | 5424 384c | 8b4c 2430 
  0x0000022d64b67af8: 4c8b 4424 | 2848 8b7c | 2420 488b | 7424 1848 | 8b54 2410 | 488b 4c24 | 0848 8b04 | 2448 81c4 
  0x0000022d64b67b18: 5001 0000 | c5f8 7749 | 8b8f 3004 | 0000 c781 | 0001 0000 | 0000 0000 | c949 837f | 0800 0f85 
  0x0000022d64b67b38: 0100 0000 

  0x0000022d64b67b3c: ;   {runtime_call StubRoutines (initial stubs)}
  0x0000022d64b67b3c: c3e9 be93 | bfff c5f8 | 7748 8945 | f84c 8be4 | 4883 ec20 | 4883 e4f0 

  0x0000022d64b67b54: ;   {runtime_call}
  0x0000022d64b67b54: 48b8 4056 | 3aef f87f | 0000 ffd0 | 498b e44d | 33e4 488b | 45f8 e930 | fcff fff4 
[/MachCode]


Compiled method (c1)     950 1018       1       java.lang.ClassLoader::defineClass (43 bytes)
 total in heap  [0x0000022d64bd7a90,0x0000022d64bd8058] = 1480
 relocation     [0x0000022d64bd7bf0,0x0000022d64bd7c60] = 112
 main code      [0x0000022d64bd7c60,0x0000022d64bd7e28] = 456
 stub code      [0x0000022d64bd7e28,0x0000022d64bd7ea0] = 120
 metadata       [0x0000022d64bd7ea0,0x0000022d64bd7ed0] = 48
 scopes data    [0x0000022d64bd7ed0,0x0000022d64bd7f88] = 184
 scopes pcs     [0x0000022d64bd7f88,0x0000022d64bd8028] = 160
 dependencies   [0x0000022d64bd8028,0x0000022d64bd8030] = 8
 nul chk table  [0x0000022d64bd8030,0x0000022d64bd8058] = 40

[Constant Pool (empty)]

[MachCode]
[Entry Point]
  # {method} {0x0000022d0043a970} 'defineClass' '(Ljava/lang/String;[BIILjava/security/ProtectionDomain;)Ljava/lang/Class;' in 'java/lang/ClassLoader'
  # this:     rdx:rdx   = 'java/lang/ClassLoader'
  # parm0:    r8:r8     = 'java/lang/String'
  # parm1:    r9:r9     = '[B'
  # parm2:    rdi       = int
  # parm3:    rsi       = int
  # parm4:    rcx:rcx   = 'java/security/ProtectionDomain'
  #           [sp+0xc0]  (sp of caller)
  0x0000022d64bd7c60: 448b 5208 | 49bb 0000 | 0000 2d02 | 0000 4d03 | d34c 3bd0 

  0x0000022d64bd7c74: ;   {runtime_call ic_miss_stub}
  0x0000022d64bd7c74: 0f85 066d | bdff 660f | 1f44 0000 
[Verified Entry Point]
  0x0000022d64bd7c80: 8984 2400 | 80ff ff55 | 4881 ecb0 | 0000 0090 | 4181 7f20 | 0100 0000 

  0x0000022d64bd7c98: ;   {runtime_call StubRoutines (final stubs)}
  0x0000022d64bd7c98: 7405 e8e1 | e0bb ff48 | 8954 2478 | 89b4 2494 | 0000 0089 | bc24 9000 | 0000 4c89 | 8c24 8800 
  0x0000022d64bd7cb8: 0000 498b | d84c 8bc3 | 4c8b c948 | 8bca 488b | d148 899c | 2480 0000 | 0066 0f1f 

  0x0000022d64bd7cd4: ;   {optimized virtual_call}
  0x0000022d64bd7cd4: 4400 00e8 

  0x0000022d64bd7cd8: ; ImmutableOopMap {[120]=Oop [128]=Oop [136]=Oop }
                      ;*invokevirtual preDefineClass {reexecute=0 rethrow=0 return_oop=0}
                      ; - java.lang.ClassLoader::defineClass@4 (line 1025)
  0x0000022d64bd7cd8: 641e 0000 

  0x0000022d64bd7cdc: ;   {other}
  0x0000022d64bd7cdc: 0f1f 8400 | 4c02 0000 | 4889 8424 | 9800 0000 

  0x0000022d64bd7cec: ; implicit exception: dispatches to 0x0000022d64bd7dd2
  0x0000022d64bd7cec: 448b 4010 | 49c1 e003 | 4d85 c00f | 850f 0000 

  0x0000022d64bd7cfc: ;   {oop(nullptr)}
  0x0000022d64bd7cfc: 0048 bb00 | 0000 0000 | 0000 00e9 | 4300 0000 

  0x0000022d64bd7d0c: ; implicit exception: dispatches to 0x0000022d64bd7dd7
  0x0000022d64bd7d0c: 458b 400c | 49c1 e003 | 4d85 c00f | 850f 0000 

  0x0000022d64bd7d1c: ;   {oop(nullptr)}
  0x0000022d64bd7d1c: 0048 bb00 | 0000 0000 | 0000 00e9 | 2300 0000 

  0x0000022d64bd7d2c: ; implicit exception: dispatches to 0x0000022d64bd7ddc
  0x0000022d64bd7d2c: 418b 5038 | 48c1 e203 

  0x0000022d64bd7d34: ; implicit exception: dispatches to 0x0000022d64bd7de1
                      ;   {optimized virtual_call}
  0x0000022d64bd7d34: 483b 02e8 

  0x0000022d64bd7d38: ; ImmutableOopMap {[120]=Oop [128]=Oop [136]=Oop [152]=Oop }
                      ;*invokevirtual toExternalForm {reexecute=0 rethrow=0 return_oop=0}
                      ; - java.net.URL::toExternalForm@5 (line 1203)
                      ; - java.net.URL::toString@1 (line 1189)
                      ; - java.lang.ClassLoader::defineClassSourceLocation@22 (line 927)
                      ; - java.lang.ClassLoader::defineClass@12 (line 1026)
  0x0000022d64bd7d38: 4458 f9ff 

  0x0000022d64bd7d3c: ;   {other}
  0x0000022d64bd7d3c: 0f1f 8400 | ac02 0001 | 488b d848 | 8b84 2498 | 0000 008b | b424 9400 | 0000 8bbc | 2490 0000 
  0x0000022d64bd7d5c: 004c 8b8c | 2488 0000 | 004c 8b84 | 2480 0000 | 0048 8b54 | 2478 4c8b | da49 8bd3 | 488b c848 
  0x0000022d64bd7d7c: ;   {static_call}
  0x0000022d64bd7d7c: 891c 24e8 

  0x0000022d64bd7d80: ; ImmutableOopMap {[120]=Oop [152]=Oop }
                      ;*invokestatic defineClass1 {reexecute=0 rethrow=0 return_oop=0}
                      ; - java.lang.ClassLoader::defineClass@27 (line 1027)
  0x0000022d64bd7d80: 5cf8 f8ff 

  0x0000022d64bd7d84: ;   {other}
  0x0000022d64bd7d84: 0f1f 8400 | f402 0002 | 4c8b c04c | 8b8c 2498 | 0000 0048 | 8b54 2478 | 4889 8424 | a000 0000 
  0x0000022d64bd7da4: ;   {optimized virtual_call}
  0x0000022d64bd7da4: 6666 90e8 

  0x0000022d64bd7da8: ; ImmutableOopMap {[160]=Oop }
                      ;*invokevirtual postDefineClass {reexecute=0 rethrow=0 return_oop=0}
                      ; - java.lang.ClassLoader::defineClass@37 (line 1028)
  0x0000022d64bd7da8: 54ff fcff 

  0x0000022d64bd7dac: ;   {other}
  0x0000022d64bd7dac: 0f1f 8400 | 1c03 0003 | 488b 8424 | a000 0000 | 4881 c4b0 | 0000 005d 

  0x0000022d64bd7dc4: ;   {poll_return}
  0x0000022d64bd7dc4: 493b a750 | 0400 000f | 8715 0000 

  0x0000022d64bd7dd0: ;   {runtime_call throw_null_pointer_exception Runtime1 stub}
  0x0000022d64bd7dd0: 00c3 e8c9 

  0x0000022d64bd7dd4: ; ImmutableOopMap {rax=Oop [120]=Oop [128]=Oop [136]=Oop [152]=Oop }
                      ;*invokevirtual getCodeSource {reexecute=0 rethrow=0 return_oop=0}
                      ; - java.lang.ClassLoader::defineClassSourceLocation@1 (line 924)
                      ; - java.lang.ClassLoader::defineClass@12 (line 1026)
                      ;   {runtime_call throw_null_pointer_exception Runtime1 stub}
  0x0000022d64bd7dd4: c5c9 ffe8 

  0x0000022d64bd7dd8: ; ImmutableOopMap {rax=Oop [120]=Oop [128]=Oop [136]=Oop [152]=Oop }
                      ;*invokevirtual getLocation {reexecute=0 rethrow=0 return_oop=0}
                      ; - java.lang.ClassLoader::defineClassSourceLocation@12 (line 926)
                      ; - java.lang.ClassLoader::defineClass@12 (line 1026)
  0x0000022d64bd7dd8: c4c5 c9ff 

  0x0000022d64bd7ddc: ;   {runtime_call throw_null_pointer_exception Runtime1 stub}
  0x0000022d64bd7ddc: e8bf c5c9 

  0x0000022d64bd7de0: ; ImmutableOopMap {r8=Oop [120]=Oop [128]=Oop [136]=Oop [152]=Oop }
                      ;*invokevirtual toString {reexecute=0 rethrow=0 return_oop=0}
                      ; - java.lang.ClassLoader::defineClassSourceLocation@22 (line 927)
                      ; - java.lang.ClassLoader::defineClass@12 (line 1026)
                      ;   {runtime_call throw_null_pointer_exception Runtime1 stub}
  0x0000022d64bd7de0: ffe8 bac5 

  0x0000022d64bd7de4: ; ImmutableOopMap {r8=Oop rdx=Oop [120]=Oop [128]=Oop [136]=Oop [152]=Oop }
                      ;*invokevirtual toExternalForm {reexecute=0 rethrow=0 return_oop=0}
                      ; - java.net.URL::toExternalForm@5 (line 1203)
                      ; - java.net.URL::toString@1 (line 1189)
                      ; - java.lang.ClassLoader::defineClassSourceLocation@22 (line 927)
                      ; - java.lang.ClassLoader::defineClass@12 (line 1026)
                      ;   {internal_word}
  0x0000022d64bd7de4: c9ff 49ba | c47d bd64 | 2d02 0000 | 4d89 9768 

  0x0000022d64bd7df4: ;   {runtime_call SafepointBlob}
  0x0000022d64bd7df4: 0400 00e9 | 84ed bdff | 498b 8700 | 0500 0049 | c787 0005 | 0000 0000 | 0000 49c7 | 8708 0500 
  0x0000022d64bd7e14: 0000 0000 | 0048 81c4 | b000 0000 

  0x0000022d64bd7e20: ;   {runtime_call unwind_exception Runtime1 stub}
  0x0000022d64bd7e20: 5de9 5aaa | c9ff f4f4 
[Stub Code]
  0x0000022d64bd7e28: ;   {no_reloc}
  0x0000022d64bd7e28: 0f1f 4400 

  0x0000022d64bd7e2c: ;   {static_stub}
  0x0000022d64bd7e2c: 0048 bb00 | 0000 0000 

  0x0000022d64bd7e34: ;   {runtime_call}
  0x0000022d64bd7e34: 0000 00e9 | fbff ffff 

  0x0000022d64bd7e3c: ;   {static_stub}
  0x0000022d64bd7e3c: 48bb 0000 | 0000 0000 

  0x0000022d64bd7e44: ;   {runtime_call}
  0x0000022d64bd7e44: 0000 e9fb 

  0x0000022d64bd7e48: ;   {static_stub}
  0x0000022d64bd7e48: ffff ff48 | bb00 0000 | 0000 0000 

  0x0000022d64bd7e54: ;   {runtime_call}
  0x0000022d64bd7e54: 00e9 fbff 

  0x0000022d64bd7e58: ;   {static_stub}
  0x0000022d64bd7e58: ffff 48bb | 0000 0000 | 0000 0000 

  0x0000022d64bd7e64: ;   {runtime_call}
  0x0000022d64bd7e64: e9fb ffff 

  0x0000022d64bd7e68: ;   {runtime_call handle_exception_from_callee Runtime1 stub}
  0x0000022d64bd7e68: ffe8 1203 

  0x0000022d64bd7e6c: ;   {external_word}
  0x0000022d64bd7e6c: caff 48b9 | b078 61ef | f87f 0000 | 4883 e4f0 

  0x0000022d64bd7e7c: ;   {runtime_call}
  0x0000022d64bd7e7c: 48b8 9041 | 29ef f87f | 0000 ffd0 

  0x0000022d64bd7e88: ;   {section_word}
  0x0000022d64bd7e88: f449 ba89 | 7ebd 642d | 0200 0041 

  0x0000022d64bd7e94: ;   {runtime_call DeoptimizationBlob}
  0x0000022d64bd7e94: 52e9 8601 | beff f4f4 | f4f4 f4f4 
[/MachCode]


Compiled method (c1)     956  877       1       jdk.internal.loader.BuiltinClassLoader::defineClass (121 bytes)
 total in heap  [0x0000022d64ba5410,0x0000022d64ba6338] = 3880
 relocation     [0x0000022d64ba5570,0x0000022d64ba56b8] = 328
 main code      [0x0000022d64ba56c0,0x0000022d64ba5d98] = 1752
 stub code      [0x0000022d64ba5d98,0x0000022d64ba5eb8] = 288
 metadata       [0x0000022d64ba5eb8,0x0000022d64ba5f00] = 72
 scopes data    [0x0000022d64ba5f00,0x0000022d64ba6158] = 600
 scopes pcs     [0x0000022d64ba6158,0x0000022d64ba62f8] = 416
 dependencies   [0x0000022d64ba62f8,0x0000022d64ba6300] = 8
 handler table  [0x0000022d64ba6300,0x0000022d64ba6318] = 24
 nul chk table  [0x0000022d64ba6318,0x0000022d64ba6338] = 32

[Constant Pool (empty)]

[MachCode]
[Entry Point]
  # {method} {0x0000022d00069998} 'defineClass' '(Ljava/lang/String;Ljdk/internal/loader/Resource;)Ljava/lang/Class;' in 'jdk/internal/loader/BuiltinClassLoader'
  # this:     rdx:rdx   = 'jdk/internal/loader/BuiltinClassLoader'
  # parm0:    r8:r8     = 'java/lang/String'
  # parm1:    r9:r9     = 'jdk/internal/loader/Resource'
  #           [sp+0x110]  (sp of caller)
  0x0000022d64ba56c0: 448b 5208 | 49bb 0000 | 0000 2d02 | 0000 4d03 | d34c 3bd0 

  0x0000022d64ba56d4: ;   {runtime_call ic_miss_stub}
  0x0000022d64ba56d4: 0f85 a692 | c0ff 660f | 1f44 0000 
[Verified Entry Point]
  0x0000022d64ba56e0: 8984 2400 | 80ff ff55 | 4881 ec00 | 0100 0090 | 4181 7f20 | 0100 0000 

  0x0000022d64ba56f8: ;   {runtime_call StubRoutines (final stubs)}
  0x0000022d64ba56f8: 7405 e881 | 06bf ff48 | 8994 24a0 | 0000 004c | 8984 2490 | 0000 004c | 898c 2498 | 0000 0049 
  0x0000022d64ba5718: 8bd1 6666 | 9048 b858 | 4521 002d 

  0x0000022d64ba5724: ;   {virtual_call}
  0x0000022d64ba5724: 0200 00e8 

  0x0000022d64ba5728: ; ImmutableOopMap {[144]=Oop [152]=Oop [160]=Oop }
                      ;*invokevirtual getCodeSourceURL {reexecute=0 rethrow=0 return_oop=0}
                      ; - jdk.internal.loader.BuiltinClassLoader::defineClass@1 (line 842)
  0x0000022d64ba5728: f42a 0300 

  0x0000022d64ba572c: ;   {other}
  0x0000022d64ba572c: 0f1f 8400 | 1c03 0000 | 4889 8424 | a800 0000 | 4c8b 8424 | 9000 0000 

  0x0000022d64ba5744: ; implicit exception: dispatches to 0x0000022d64ba5c92
  0x0000022d64ba5744: 418b 7014 | 48c1 e603 

  0x0000022d64ba574c: ; implicit exception: dispatches to 0x0000022d64ba5c97
  0x0000022d64ba574c: 8b56 0c45 | 0fbe 4810 | 498b c9c1 | e118 c1f9 | 18d3 fa48 | 8bfa ffcf | 4585 c9ba | 0000 0000 
  0x0000022d64ba576c: 7505 ba01 | 0000 0083 | e201 85d2 | 488b d641 | b82e 0000 | 004c 8bcf | 0f84 1700 | 0000 0f1f 
  0x0000022d64ba578c: ;   {static_call}
  0x0000022d64ba578c: 4400 00e8 

  0x0000022d64ba5790: ; ImmutableOopMap {[144]=Oop [152]=Oop [160]=Oop [168]=Oop }
                      ;*invokestatic lastIndexOf {reexecute=0 rethrow=0 return_oop=0}
                      ; - java.lang.String::lastIndexOf@13 (line 2573)
                      ; - java.lang.String::lastIndexOf@8 (line 2535)
                      ; - jdk.internal.loader.BuiltinClassLoader::defineClass@8 (line 845)
  0x0000022d64ba5790: 2cb5 ceff 

  0x0000022d64ba5794: ;   {other}
  0x0000022d64ba5794: 0f1f 8400 | 8403 0001 | e913 0000 | 0066 0f1f 

  0x0000022d64ba57a4: ;   {static_call}
  0x0000022d64ba57a4: 4400 00e8 

  0x0000022d64ba57a8: ; ImmutableOopMap {[144]=Oop [152]=Oop [160]=Oop [168]=Oop }
                      ;*invokestatic lastIndexOf {reexecute=0 rethrow=0 return_oop=0}
                      ; - java.lang.String::lastIndexOf@25 (line 2574)
                      ; - java.lang.String::lastIndexOf@8 (line 2535)
                      ; - jdk.internal.loader.BuiltinClassLoader::defineClass@8 (line 845)
  0x0000022d64ba57a8: d4a0 c0ff 

  0x0000022d64ba57ac: ;   {other}
  0x0000022d64ba57ac: 0f1f 8400 | 9c03 0002 | 83f8 ff0f | 847f 0000 | 0041 b800 | 0000 004c | 8bc8 488b | 9424 9000 
  0x0000022d64ba57cc: ;   {optimized virtual_call}
  0x0000022d64ba57cc: 0000 90e8 

  0x0000022d64ba57d0: ; ImmutableOopMap {[144]=Oop [152]=Oop [160]=Oop [168]=Oop }
                      ;*invokevirtual substring {reexecute=0 rethrow=0 return_oop=0}
                      ; - jdk.internal.loader.BuiltinClassLoader::defineClass@23 (line 847)
  0x0000022d64ba57d0: 2c47 ecff 

  0x0000022d64ba57d4: ;   {other}
  0x0000022d64ba57d4: 0f1f 8400 | c403 0003 | 488b 9424 | 9800 0000 | 4889 8424 | b000 0000 | 9048 b858 | 4521 002d 
  0x0000022d64ba57f4: ;   {virtual_call}
  0x0000022d64ba57f4: 0200 00e8 

  0x0000022d64ba57f8: ; ImmutableOopMap {[144]=Oop [152]=Oop [160]=Oop [168]=Oop [176]=Oop }
                      ;*invokevirtual getManifest {reexecute=0 rethrow=0 return_oop=0}
                      ; - jdk.internal.loader.BuiltinClassLoader::defineClass@29 (line 848)
  0x0000022d64ba57f8: a450 0300 

  0x0000022d64ba57fc: ;   {other}
  0x0000022d64ba57fc: 0f1f 8400 | ec03 0004 | 4c8b 8424 | b000 0000 | 4c8b c848 | 8bbc 24a8 | 0000 0048 | 8b94 24a0 
  0x0000022d64ba581c: 0000 0066 | 0f1f 4400 | 0048 b8d8 | 9f06 002d 

  0x0000022d64ba582c: ;   {virtual_call}
  0x0000022d64ba582c: 0200 00e8 

  0x0000022d64ba5830: ; ImmutableOopMap {[144]=Oop [152]=Oop [160]=Oop [168]=Oop }
                      ;*invokevirtual defineOrCheckPackage {reexecute=0 rethrow=0 return_oop=0}
                      ; - jdk.internal.loader.BuiltinClassLoader::defineClass@40 (line 849)
  0x0000022d64ba5830: 8cdd ffff 

  0x0000022d64ba5834: ;   {other}
  0x0000022d64ba5834: 0f1f 8400 | 2404 0005 | 4c8b 8c24 | 9800 0000 | 488d 9424 | e000 0000 | 4c89 4a08 | 498b 0148 
  0x0000022d64ba5854: 83c8 0148 | 8902 f049 | 0fb1 110f | 8412 0000 | 0048 2bc4 | 4825 07f0 | ffff 4889 | 020f 8525 
  0x0000022d64ba5874: 0400 0049 | ff87 5005 | 0000 418b | 510c 48c1 | e203 4885 | d20f 8551 | 0000 0049 | 8bd1 6666 
  0x0000022d64ba5894: 9048 b858 | 4521 002d 

  0x0000022d64ba589c: ;   {virtual_call}
  0x0000022d64ba589c: 0200 00e8 

  0x0000022d64ba58a0: ; ImmutableOopMap {[144]=Oop [152]=Oop [160]=Oop [168]=Oop [232]=Oop }
                      ;*invokevirtual getInputStream {reexecute=0 rethrow=0 return_oop=0}
                      ; - jdk.internal.loader.Resource::cachedInputStream@9 (line 77)
                      ; - jdk.internal.loader.Resource::getByteBuffer@1 (line 163)
                      ; - jdk.internal.loader.BuiltinClassLoader::defineClass@45 (line 853)
  0x0000022d64ba58a0: 9c69 0300 

  0x0000022d64ba58a4: ;   {other}
  0x0000022d64ba58a4: 0f1f 8400 | 9404 0006 | 410f be57 | 4085 d24c | 8b8c 2498 | 0000 000f | 85ee 0300 | 004c 8bd0 
  0x0000022d64ba58c4: 49c1 ea03 | 4589 510c | 498b d148 | 33d0 48c1 | ea15 4883 | fa00 0f85 | ef03 0000 | 418b 510c 
  0x0000022d64ba58e4: 48c1 e203 | 488d 8424 | e000 0000 | 488b 3048 | 85f6 0f84 | 0f00 0000 | 488b 7808 | f048 0fb1 
  0x0000022d64ba5904: 370f 85dc | 0300 0049 | ff8f 5005 | 0000 4885 | d20f 8443 

  0x0000022d64ba5918: ;   {metadata('sun/nio/ByteBuffered')}
  0x0000022d64ba5918: 0000 0048 | b888 cd36 | 002d 0200 | 008b 5a08 | 49ba 0000 | 0000 2d02 | 0000 4903 | da48 3b43 
  0x0000022d64ba5938: 200f 8424 | 0000 0048 | 3bd8 0f84 | 1b00 0000 

  0x0000022d64ba5948: ;   {runtime_call slow_subtype_check Runtime1 stub}
  0x0000022d64ba5948: 5350 e831 | 34cd ff5b | 5b85 db0f | 8405 0000 | 00e9 0500 | 0000 4833 | f6eb 0a48 | be01 0000 
  0x0000022d64ba5968: 0000 0000 | 0085 f60f | 846c 0000 | 0048 85d2 | 0f84 4300 

  0x0000022d64ba597c: ;   {metadata('sun/nio/ByteBuffered')}
  0x0000022d64ba597c: 0000 48bb | 88cd 3600 | 2d02 0000 | 8b7a 0849 | ba00 0000 | 002d 0200 | 0049 03fa | 483b 5f20 
  0x0000022d64ba599c: 0f84 1f00 | 0000 483b | fb0f 8416 | 0000 0057 

  0x0000022d64ba59ac: ;   {runtime_call slow_subtype_check Runtime1 stub}
  0x0000022d64ba59ac: 53e8 ce33 | cdff 5f5f | 85ff 0f84 | 4103 0000 | e900 0000 | 000f 1f40 | 0048 b8ff | ffff ffff 
  0x0000022d64ba59cc: ;   {virtual_call}
  0x0000022d64ba59cc: ffff ffe8 

  0x0000022d64ba59d0: ; ImmutableOopMap {[144]=Oop [152]=Oop [160]=Oop [168]=Oop }
                      ;*invokeinterface getByteBuffer {reexecute=0 rethrow=0 return_oop=0}
                      ; - jdk.internal.loader.Resource::getByteBuffer@16 (line 165)
                      ; - jdk.internal.loader.BuiltinClassLoader::defineClass@45 (line 853)
  0x0000022d64ba59d0: ac99 c0ff 

  0x0000022d64ba59d4: ;   {other}
  0x0000022d64ba59d4: 0f1f 8400 | c405 0007 | e90a 0000 

  0x0000022d64ba59e0: ;   {oop(nullptr)}
  0x0000022d64ba59e0: 0048 b800 | 0000 0000 | 0000 0048 | 85c0 0f84 | 0601 0000 | 4889 8424 | b800 0000 | 488b 9424 
  0x0000022d64ba5a00: 9800 0000 | 9048 b8ff | ffff ffff 

  0x0000022d64ba5a0c: ;   {virtual_call}
  0x0000022d64ba5a0c: ffff ffe8 

  0x0000022d64ba5a10: ; ImmutableOopMap {[144]=Oop [160]=Oop [168]=Oop [184]=Oop }
                      ;*invokevirtual getCodeSigners {reexecute=0 rethrow=0 return_oop=0}
                      ; - jdk.internal.loader.BuiltinClassLoader::defineClass@56 (line 855)
  0x0000022d64ba5a10: 6c99 c0ff 

  0x0000022d64ba5a14: ;   {other}
  0x0000022d64ba5a14: 0f1f 8400 | 0406 0008 

  0x0000022d64ba5a1c: ;   {metadata('java/security/CodeSource')}
  0x0000022d64ba5a1c: 4c8b c848 | bad8 5a00 | 002d 0200 | 0049 8b87 | b801 0000 | 488d 7828 | 493b bfc8 | 0100 000f 
  0x0000022d64ba5a3c: 87c5 0200 | 0049 89bf | b801 0000 | 48c7 0001 | 0000 0048 | 8bca 49ba | 0000 0000 | 2d02 0000 
  0x0000022d64ba5a5c: 492b ca89 | 4808 4833 | c989 480c | 4833 c948 | 8948 1048 | 8948 1848 | 8948 204c | 8b84 24a8 
  0x0000022d64ba5a7c: 0000 0048 | 8bd0 4889 | 8424 c000 | 0000 0f1f 

  0x0000022d64ba5a8c: ;   {optimized virtual_call}
  0x0000022d64ba5a8c: 4400 00e8 

  0x0000022d64ba5a90: ; ImmutableOopMap {[144]=Oop [160]=Oop [184]=Oop [192]=Oop }
                      ;*invokespecial <init> {reexecute=0 rethrow=0 return_oop=0}
                      ; - jdk.internal.loader.BuiltinClassLoader::defineClass@68 (line 856)
  0x0000022d64ba5a90: ec93 c0ff 

  0x0000022d64ba5a94: ;   {other}
  0x0000022d64ba5a94: 0f1f 8400 | 8406 0009 | 4c8b 8424 | c000 0000 | 488b 9424 | a000 0000 

  0x0000022d64ba5aac: ;   {optimized virtual_call}
  0x0000022d64ba5aac: 6666 90e8 

  0x0000022d64ba5ab0: ; ImmutableOopMap {[144]=Oop [160]=Oop [184]=Oop }
                      ;*invokevirtual getProtectionDomain {reexecute=0 rethrow=0 return_oop=0}
                      ; - java.security.SecureClassLoader::defineClass@5 (line 182)
                      ; - jdk.internal.loader.BuiltinClassLoader::defineClass@79 (line 857)
  0x0000022d64ba5ab0: cc93 c0ff 

  0x0000022d64ba5ab4: ;   {other}
  0x0000022d64ba5ab4: 0f1f 8400 | a406 000a | 4c8b 8424 | 9000 0000 | 4c8b 8c24 | b800 0000 | 488b f848 | 8b94 24a0 
  0x0000022d64ba5ad4: ;   {optimized virtual_call}
  0x0000022d64ba5ad4: 0000 00e8 

  0x0000022d64ba5ad8: ; ImmutableOopMap {}
                      ;*invokevirtual defineClass {reexecute=0 rethrow=0 return_oop=0}
                      ; - java.security.SecureClassLoader::defineClass@8 (line 182)
                      ; - jdk.internal.loader.BuiltinClassLoader::defineClass@79 (line 857)
  0x0000022d64ba5ad8: a493 c0ff 

  0x0000022d64ba5adc: ;   {other}
  0x0000022d64ba5adc: 0f1f 8400 | cc06 000b | 4881 c400 | 0100 005d 

  0x0000022d64ba5aec: ;   {poll_return}
  0x0000022d64ba5aec: 493b a750 | 0400 000f | 871a 0200 | 00c3 4c8b | 8c24 9800 | 0000 498b | d148 b858 | 4521 002d 
  0x0000022d64ba5b0c: ;   {virtual_call}
  0x0000022d64ba5b0c: 0200 00e8 

  0x0000022d64ba5b10: ; ImmutableOopMap {[144]=Oop [152]=Oop [160]=Oop [168]=Oop }
                      ;*invokevirtual getBytes {reexecute=0 rethrow=0 return_oop=0}
                      ; - jdk.internal.loader.BuiltinClassLoader::defineClass@84 (line 859)
  0x0000022d64ba5b10: cc7c 0300 

  0x0000022d64ba5b14: ;   {other}
  0x0000022d64ba5b14: 0f1f 8400 | 0407 000c | 4889 8424 | c800 0000 | 488b 9424 | 9800 0000 | 9048 b858 | 4521 002d 
  0x0000022d64ba5b34: ;   {virtual_call}
  0x0000022d64ba5b34: 0200 00e8 

  0x0000022d64ba5b38: ; ImmutableOopMap {[144]=Oop [160]=Oop [168]=Oop [200]=Oop }
                      ;*invokevirtual getCodeSigners {reexecute=0 rethrow=0 return_oop=0}
                      ; - jdk.internal.loader.BuiltinClassLoader::defineClass@90 (line 860)
  0x0000022d64ba5b38: 8463 0300 

  0x0000022d64ba5b3c: ;   {other}
  0x0000022d64ba5b3c: 0f1f 8400 | 2c07 000d 

  0x0000022d64ba5b44: ;   {metadata('java/security/CodeSource')}
  0x0000022d64ba5b44: 4c8b c848 | bad8 5a00 | 002d 0200 | 0049 8b87 | b801 0000 | 488d 7828 | 493b bfc8 | 0100 000f 
  0x0000022d64ba5b64: 87c0 0100 | 0049 89bf | b801 0000 | 48c7 0001 | 0000 0048 | 8bca 49ba | 0000 0000 | 2d02 0000 
  0x0000022d64ba5b84: 492b ca89 | 4808 4833 | c989 480c | 4833 c948 | 8948 1048 | 8948 1848 | 8948 204c | 8b84 24a8 
  0x0000022d64ba5ba4: 0000 0048 | 8bd0 4889 | 8424 d000 | 0000 0f1f 

  0x0000022d64ba5bb4: ;   {optimized virtual_call}
  0x0000022d64ba5bb4: 4400 00e8 

  0x0000022d64ba5bb8: ; ImmutableOopMap {[144]=Oop [160]=Oop [200]=Oop [208]=Oop }
                      ;*invokespecial <init> {reexecute=0 rethrow=0 return_oop=0}
                      ; - jdk.internal.loader.BuiltinClassLoader::defineClass@102 (line 861)
  0x0000022d64ba5bb8: 440c 0300 

  0x0000022d64ba5bbc: ;   {other}
  0x0000022d64ba5bbc: 0f1f 8400 | ac07 000e | 488b 8424 | c800 0000 

  0x0000022d64ba5bcc: ; implicit exception: dispatches to 0x0000022d64ba5d36
  0x0000022d64ba5bcc: 8b70 0c4c | 8b84 24d0 | 0000 0048 | 8b94 24a0 | 0000 0089 | b424 d800 

  0x0000022d64ba5be4: ;   {optimized virtual_call}
  0x0000022d64ba5be4: 0000 90e8 

  0x0000022d64ba5be8: ; ImmutableOopMap {[144]=Oop [160]=Oop [200]=Oop }
                      ;*invokevirtual getProtectionDomain {reexecute=0 rethrow=0 return_oop=0}
                      ; - java.security.SecureClassLoader::defineClass@9 (line 150)
                      ; - jdk.internal.loader.BuiltinClassLoader::defineClass@117 (line 862)
  0x0000022d64ba5be8: 9412 0300 

  0x0000022d64ba5bec: ;   {other}
  0x0000022d64ba5bec: 0f1f 8400 | dc07 000f | 4c8b 8424 | 9000 0000 | 4c8b 8c24 | c800 0000 | bf00 0000 | 008b b424 
  0x0000022d64ba5c0c: d800 0000 | 488b c848 | 8b94 24a0 | 0000 000f 

  0x0000022d64ba5c1c: ;   {optimized virtual_call}
  0x0000022d64ba5c1c: 1f40 00e8 

  0x0000022d64ba5c20: ; ImmutableOopMap {}
                      ;*invokevirtual defineClass {reexecute=0 rethrow=0 return_oop=0}
                      ; - java.security.SecureClassLoader::defineClass@12 (line 150)
                      ; - jdk.internal.loader.BuiltinClassLoader::defineClass@117 (line 862)
  0x0000022d64ba5c20: 5c20 0300 

  0x0000022d64ba5c24: ;   {other}
  0x0000022d64ba5c24: 0f1f 8400 | 1408 0010 | 4881 c400 | 0100 005d 

  0x0000022d64ba5c34: ;   {poll_return}
  0x0000022d64ba5c34: 493b a750 | 0400 000f | 87fa 0000 | 00c3 498b | 8700 0500 | 004d 33d2 | 4d89 9700 | 0500 004d 
  0x0000022d64ba5c54: 33d2 4d89 | 9708 0500 | 0048 8bf0 | 488d 8424 | e000 0000 | 488b 3848 | 85ff 0f84 | 0f00 0000 
  0x0000022d64ba5c74: 488b 5808 | f048 0fb1 | 3b0f 85ce | 0000 0049 | ff8f 5005 | 0000 488b | c6e9 f200 

  0x0000022d64ba5c90: ;   {runtime_call throw_null_pointer_exception Runtime1 stub}
  0x0000022d64ba5c90: 0000 e809 

  0x0000022d64ba5c94: ; ImmutableOopMap {rax=Oop r8=Oop [144]=Oop [152]=Oop [160]=Oop [168]=Oop }
                      ;*invokevirtual lastIndexOf {reexecute=0 rethrow=0 return_oop=0}
                      ; - jdk.internal.loader.BuiltinClassLoader::defineClass@8 (line 845)
                      ;   {runtime_call throw_null_pointer_exception Runtime1 stub}
  0x0000022d64ba5c94: e7cc ffe8 

  0x0000022d64ba5c98: ; ImmutableOopMap {rax=Oop r8=Oop rsi=Oop [144]=Oop [152]=Oop [160]=Oop [168]=Oop }
                      ;*arraylength {reexecute=0 rethrow=0 return_oop=0}
                      ; - java.lang.String::length@4 (line 1519)
                      ; - java.lang.String::lastIndexOf@3 (line 2535)
                      ; - jdk.internal.loader.BuiltinClassLoader::defineClass@8 (line 845)
  0x0000022d64ba5c98: 04e7 ccff | 4c89 4c24 | 0848 8914 

  0x0000022d64ba5ca4: ;   {runtime_call monitorenter_nofpu Runtime1 stub}
  0x0000022d64ba5ca4: 24e8 5637 

  0x0000022d64ba5ca8: ; ImmutableOopMap {r9=Oop [144]=Oop [152]=Oop [160]=Oop [168]=Oop [232]=Oop }
                      ;*synchronization entry
                      ; - jdk.internal.loader.Resource::cachedInputStream@-1 (line 76)
                      ; - jdk.internal.loader.Resource::getByteBuffer@1 (line 163)
                      ; - jdk.internal.loader.BuiltinClassLoader::defineClass@45 (line 853)
  0x0000022d64ba5ca8: cdff e9cf | fbff ff41 | 8b51 0c48 | c1e2 0348 | 83fa 000f | 8400 fcff | ff48 8914 

  0x0000022d64ba5cc4: ;   {runtime_call g1_pre_barrier_slow}
  0x0000022d64ba5cc4: 24e8 b674 | cdff e9f2 | fbff ff48 | 83f8 000f | 8407 fcff | ff4c 890c 

  0x0000022d64ba5cdc: ;   {runtime_call g1_post_barrier_slow}
  0x0000022d64ba5cdc: 24e8 1e78 | cdff e9f9 | fbff ff48 | 8d84 24e0 | 0000 0048 

  0x0000022d64ba5cf0: ;   {runtime_call monitorexit_nofpu Runtime1 stub}
  0x0000022d64ba5cf0: 8904 24e8 | 883d cdff | e915 fcff | ff48 8914 

  0x0000022d64ba5d00: ;   {runtime_call throw_class_cast_exception Runtime1 stub}
  0x0000022d64ba5d00: 24e8 9a2a 

  0x0000022d64ba5d04: ; ImmutableOopMap {[144]=Oop [152]=Oop [160]=Oop [168]=Oop }
                      ;*checkcast {reexecute=0 rethrow=0 return_oop=0}
                      ; - jdk.internal.loader.Resource::getByteBuffer@13 (line 165)
                      ; - jdk.internal.loader.BuiltinClassLoader::defineClass@45 (line 853)
  0x0000022d64ba5d04: cdff 488b 

  0x0000022d64ba5d08: ;   {runtime_call fast_new_instance Runtime1 stub}
  0x0000022d64ba5d08: d2e8 7203 

  0x0000022d64ba5d0c: ; ImmutableOopMap {r9=Oop [144]=Oop [160]=Oop [168]=Oop [184]=Oop }
                      ;*new {reexecute=0 rethrow=0 return_oop=0}
                      ; - jdk.internal.loader.BuiltinClassLoader::defineClass@61 (line 856)
  0x0000022d64ba5d0c: cdff e964 

  0x0000022d64ba5d10: ;   {internal_word}
  0x0000022d64ba5d10: fdff ff49 | baec 5aba | 642d 0200 | 004d 8997 | 6804 0000 

  0x0000022d64ba5d24: ;   {runtime_call SafepointBlob}
  0x0000022d64ba5d24: e957 0ec1 | ff48 8bd2 

  0x0000022d64ba5d2c: ;   {runtime_call fast_new_instance Runtime1 stub}
  0x0000022d64ba5d2c: e84f 03cd 

  0x0000022d64ba5d30: ; ImmutableOopMap {r9=Oop [144]=Oop [160]=Oop [168]=Oop [200]=Oop }
                      ;*new {reexecute=0 rethrow=0 return_oop=0}
                      ; - jdk.internal.loader.BuiltinClassLoader::defineClass@95 (line 861)
  0x0000022d64ba5d30: ffe9 69fe 

  0x0000022d64ba5d34: ;   {runtime_call throw_null_pointer_exception Runtime1 stub}
  0x0000022d64ba5d34: ffff e865 

  0x0000022d64ba5d38: ; ImmutableOopMap {rax=Oop [144]=Oop [160]=Oop [200]=Oop [208]=Oop }
                      ;*arraylength {reexecute=0 rethrow=0 return_oop=0}
                      ; - jdk.internal.loader.BuiltinClassLoader::defineClass@114 (line 862)
                      ;   {internal_word}
  0x0000022d64ba5d38: e6cc ff49 | ba34 5cba | 642d 0200 | 004d 8997 | 6804 0000 

  0x0000022d64ba5d4c: ;   {runtime_call SafepointBlob}
  0x0000022d64ba5d4c: e92f 0ec1 | ff48 8d84 | 24e0 0000 | 0048 8904 

  0x0000022d64ba5d5c: ;   {runtime_call monitorexit_nofpu Runtime1 stub}
  0x0000022d64ba5d5c: 24e8 1e3d | cdff e923 | ffff ff49 | 8b87 0005 | 0000 49c7 | 8700 0500 | 0000 0000 | 0049 c787 
  0x0000022d64ba5d7c: 0805 0000 | 0000 0000 | 4881 c400 | 0100 005d 

  0x0000022d64ba5d8c: ;   {runtime_call unwind_exception Runtime1 stub}
  0x0000022d64ba5d8c: e9ef cacc | fff4 f4f4 | f4f4 f4f4 
[Stub Code]
  0x0000022d64ba5d98: ;   {no_reloc}
  0x0000022d64ba5d98: 0f1f 4400 

  0x0000022d64ba5d9c: ;   {static_stub}
  0x0000022d64ba5d9c: 0048 bb00 | 0000 0000 

  0x0000022d64ba5da4: ;   {runtime_call}
  0x0000022d64ba5da4: 0000 00e9 | fbff ffff 

  0x0000022d64ba5dac: ;   {static_stub}
  0x0000022d64ba5dac: 9048 bb00 | 0000 0000 

  0x0000022d64ba5db4: ;   {runtime_call}
  0x0000022d64ba5db4: 0000 00e9 | fbff ffff 

  0x0000022d64ba5dbc: ;   {static_stub}
  0x0000022d64ba5dbc: 9048 bb00 | 0000 0000 

  0x0000022d64ba5dc4: ;   {runtime_call}
  0x0000022d64ba5dc4: 0000 00e9 | fbff ffff 

  0x0000022d64ba5dcc: ;   {static_stub}
  0x0000022d64ba5dcc: 9048 bb00 | 0000 0000 

  0x0000022d64ba5dd4: ;   {runtime_call}
  0x0000022d64ba5dd4: 0000 00e9 | fbff ffff 

  0x0000022d64ba5ddc: ;   {static_stub}
  0x0000022d64ba5ddc: 9048 bb00 | 0000 0000 

  0x0000022d64ba5de4: ;   {runtime_call}
  0x0000022d64ba5de4: 0000 00e9 | fbff ffff 

  0x0000022d64ba5dec: ;   {static_stub}
  0x0000022d64ba5dec: 9048 bb00 | 0000 0000 

  0x0000022d64ba5df4: ;   {runtime_call}
  0x0000022d64ba5df4: 0000 00e9 | fbff ffff 

  0x0000022d64ba5dfc: ;   {static_stub}
  0x0000022d64ba5dfc: 9048 bb00 | 0000 0000 

  0x0000022d64ba5e04: ;   {runtime_call}
  0x0000022d64ba5e04: 0000 00e9 | fbff ffff 

  0x0000022d64ba5e0c: ;   {static_stub}
  0x0000022d64ba5e0c: 9048 bb00 | 0000 0000 

  0x0000022d64ba5e14: ;   {runtime_call}
  0x0000022d64ba5e14: 0000 00e9 | fbff ffff 

  0x0000022d64ba5e1c: ;   {static_stub}
  0x0000022d64ba5e1c: 48bb 403d | 4700 2d02 

  0x0000022d64ba5e24: ;   {runtime_call I2C/C2I adapters}
  0x0000022d64ba5e24: 0000 e960 

  0x0000022d64ba5e28: ;   {static_stub}
  0x0000022d64ba5e28: 52c0 ff48 | bbd0 d004 | 002d 0200 

  0x0000022d64ba5e34: ;   {runtime_call I2C/C2I adapters}
  0x0000022d64ba5e34: 00e9 cdf0 

  0x0000022d64ba5e38: ;   {static_stub}
  0x0000022d64ba5e38: c0ff 48bb | 0000 0000 | 0000 0000 

  0x0000022d64ba5e44: ;   {runtime_call}
  0x0000022d64ba5e44: e9fb ffff 

  0x0000022d64ba5e48: ;   {static_stub}
  0x0000022d64ba5e48: ff48 bb68 | a943 002d 

  0x0000022d64ba5e50: ;   {runtime_call I2C/C2I adapters}
  0x0000022d64ba5e50: 0200 00e9 | 3d87 bfff 

  0x0000022d64ba5e58: ;   {static_stub}
  0x0000022d64ba5e58: 48bb 0000 | 0000 0000 

  0x0000022d64ba5e60: ;   {runtime_call}
  0x0000022d64ba5e60: 0000 e9fb 

  0x0000022d64ba5e64: ;   {static_stub}
  0x0000022d64ba5e64: ffff ff48 | bb00 0000 | 0000 0000 

  0x0000022d64ba5e70: ;   {runtime_call}
  0x0000022d64ba5e70: 00e9 fbff 

  0x0000022d64ba5e74: ;   {static_stub}
  0x0000022d64ba5e74: ffff 48bb | 0000 0000 | 0000 0000 

  0x0000022d64ba5e80: ;   {runtime_call}
  0x0000022d64ba5e80: e9fb ffff 

  0x0000022d64ba5e84: ;   {runtime_call handle_exception_from_callee Runtime1 stub}
  0x0000022d64ba5e84: ffe8 f622 

  0x0000022d64ba5e88: ;   {external_word}
  0x0000022d64ba5e88: cdff 48b9 | b078 61ef | f87f 0000 | 4883 e4f0 

  0x0000022d64ba5e98: ;   {runtime_call}
  0x0000022d64ba5e98: 48b8 9041 | 29ef f87f | 0000 ffd0 

  0x0000022d64ba5ea4: ;   {section_word}
  0x0000022d64ba5ea4: f449 baa5 | 5eba 642d | 0200 0041 

  0x0000022d64ba5eb0: ;   {runtime_call DeoptimizationBlob}
  0x0000022d64ba5eb0: 52e9 6a21 | c1ff f4f4 
[/MachCode]


---------------  P R O C E S S  ---------------

Threads class SMR info:
_java_thread_list=0x0000022d741dd5d0, length=14, elements={
0x0000022d5a0d32b0, 0x0000022d6f263c00, 0x0000022d6f264b20, 0x0000022d6f267dd0,
0x0000022d6f269e10, 0x0000022d6f26dc40, 0x0000022d6f278f10, 0x0000022d6f27e3f0,
0x0000022d6f494b60, 0x0000022d6f497220, 0x0000022d6f4978d0, 0x0000022d6f2795a0,
0x0000022d6f279c30, 0x0000022d6f27a2c0
}

Java Threads: ( => current thread )
  0x0000022d5a0d32b0 JavaThread "main"                              [_thread_in_vm, id=1720, stack(0x000000e7a8900000,0x000000e7a8a00000) (1024K)]
  0x0000022d6f263c00 JavaThread "Reference Handler"          daemon [_thread_blocked, id=1628, stack(0x000000e7a9100000,0x000000e7a9200000) (1024K)]
  0x0000022d6f264b20 JavaThread "Finalizer"                  daemon [_thread_blocked, id=14116, stack(0x000000e7a9200000,0x000000e7a9300000) (1024K)]
  0x0000022d6f267dd0 JavaThread "Signal Dispatcher"          daemon [_thread_blocked, id=14432, stack(0x000000e7a9300000,0x000000e7a9400000) (1024K)]
  0x0000022d6f269e10 JavaThread "Attach Listener"            daemon [_thread_blocked, id=16792, stack(0x000000e7a9400000,0x000000e7a9500000) (1024K)]
  0x0000022d6f26dc40 JavaThread "Service Thread"             daemon [_thread_blocked, id=17276, stack(0x000000e7a9500000,0x000000e7a9600000) (1024K)]
  0x0000022d6f278f10 JavaThread "Monitor Deflation Thread"   daemon [_thread_blocked, id=19160, stack(0x000000e7a9600000,0x000000e7a9700000) (1024K)]
  0x0000022d6f27e3f0 JavaThread "C1 CompilerThread0"         daemon [_thread_blocked, id=3904, stack(0x000000e7a9700000,0x000000e7a9800000) (1024K)]
  0x0000022d6f494b60 JavaThread "C1 CompilerThread1"         daemon [_thread_blocked, id=18572, stack(0x000000e7a9800000,0x000000e7a9900000) (1024K)]
  0x0000022d6f497220 JavaThread "C1 CompilerThread2"         daemon [_thread_blocked, id=15516, stack(0x000000e7a9900000,0x000000e7a9a00000) (1024K)]
  0x0000022d6f4978d0 JavaThread "C1 CompilerThread3"         daemon [_thread_blocked, id=3236, stack(0x000000e7a9a00000,0x000000e7a9b00000) (1024K)]
  0x0000022d6f2795a0 JavaThread "Notification Thread"        daemon [_thread_blocked, id=18636, stack(0x000000e7a9b00000,0x000000e7a9c00000) (1024K)]
  0x0000022d6f279c30 JavaThread "Common-Cleaner"             daemon [_thread_blocked, id=14204, stack(0x000000e7a9c00000,0x000000e7a9d00000) (1024K)]
=>0x0000022d6f27a2c0 JavaThread "background-preinit"                [_thread_in_vm, id=8912, stack(0x000000e7aa300000,0x000000e7aa400000) (1024K)]
Total: 14

Other Threads:
  0x0000022d6f245de0 VMThread "VM Thread"                           [id=18964, stack(0x000000e7a9000000,0x000000e7a9100000) (1024K)]
  0x0000022d6f234980 WatcherThread "VM Periodic Task Thread"        [id=6732, stack(0x000000e7a8f00000,0x000000e7a9000000) (1024K)]
  0x0000022d5c3339f0 WorkerThread "GC Thread#0"                     [id=13756, stack(0x000000e7a8a00000,0x000000e7a8b00000) (1024K)]
  0x0000022d6fb733c0 WorkerThread "GC Thread#1"                     [id=2368, stack(0x000000e7a9d00000,0x000000e7a9e00000) (1024K)]
  0x0000022d6fb9e380 WorkerThread "GC Thread#2"                     [id=14196, stack(0x000000e7a9e00000,0x000000e7a9f00000) (1024K)]
  0x0000022d6fbbbca0 WorkerThread "GC Thread#3"                     [id=4072, stack(0x000000e7a9f00000,0x000000e7aa000000) (1024K)]
  0x0000022d6fbbc050 WorkerThread "GC Thread#4"                     [id=15848, stack(0x000000e7aa000000,0x000000e7aa100000) (1024K)]
  0x0000022d6fbbc400 WorkerThread "GC Thread#5"                     [id=19324, stack(0x000000e7aa100000,0x000000e7aa200000) (1024K)]
  0x0000022d741e3aa0 WorkerThread "GC Thread#6"                     [id=5592, stack(0x000000e7aa200000,0x000000e7aa300000) (1024K)]
  0x0000022d5c344670 ConcurrentGCThread "G1 Main Marker"            [id=17364, stack(0x000000e7a8b00000,0x000000e7a8c00000) (1024K)]
  0x0000022d5c345940 WorkerThread "G1 Conc#0"                       [id=13676, stack(0x000000e7a8c00000,0x000000e7a8d00000) (1024K)]
  0x0000022d5c37eae0 ConcurrentGCThread "G1 Refine#0"               [id=14320, stack(0x000000e7a8d00000,0x000000e7a8e00000) (1024K)]
  0x0000022d6f107780 ConcurrentGCThread "G1 Service"                [id=10552, stack(0x000000e7a8e00000,0x000000e7a8f00000) (1024K)]
Total: 13

Threads with active compile tasks:
Total: 0

VM state: not at safepoint (normal execution)

VM Mutex/Monitor currently owned by a thread:  ([mutex/lock_event])
[0x00007ff8ef8aedf0] Metaspace_lock - owner thread: 0x0000022d6f27a2c0

Heap address: 0x0000000703600000, size: 4042 MB, Compressed Oops mode: Zero based, Oop shift amount: 3

CDS archive(s) mapped at: [0x0000022d00000000-0x0000022d00c90000-0x0000022d00c90000), size 13172736, SharedBaseAddress: 0x0000022d00000000, ArchiveRelocationMode: 1.
Compressed class space mapped at: 0x0000022d01000000-0x0000022d41000000, reserved size: 1073741824
Narrow klass base: 0x0000022d00000000, Narrow klass shift: 0, Narrow klass range: 0x100000000

GC Precious Log:
 CardTable entry size: 512
 Card Set container configuration: InlinePtr #cards 4 size 8 Array Of Cards #cards 16 size 48 Howl #buckets 8 coarsen threshold 3686 Howl Bitmap #cards 512 size 80 coarsen threshold 460 Card regions per heap region 1 cards per card region 4096
 CPUs: 8 total, 8 available
 Memory: 16161M
 Large Page Support: Disabled
 NUMA Support: Disabled
 Compressed Oops: Enabled (Zero based)
 Heap Region Size: 2M
 Heap Min Capacity: 8M
 Heap Initial Capacity: 254M
 Heap Max Capacity: 4042M
 Pre-touch: Disabled
 Parallel Workers: 8
 Concurrent Workers: 2
 Concurrent Refinement Workers: 8
 Periodic GC: Disabled

Heap:
 garbage-first heap   total 260096K, used 14345K [0x0000000703600000, 0x0000000800000000)
  region size 2048K, 4 young (8192K), 1 survivors (2048K)
 Metaspace       used 9044K, committed 9344K, reserved 1114112K
  class space    used 1245K, committed 1408K, reserved 1048576K

Heap Regions: E=young(eden), S=young(survivor), O=old, HS=humongous(starts), HC=humongous(continues), CS=collection set, F=free, TAMS=top-at-mark-start, PB=parsable bottom
|   0|0x0000000703600000, 0x0000000703800000, 0x0000000703800000|100%| O|  |TAMS 0x0000000703600000| PB 0x0000000703600000| Untracked 
|   1|0x0000000703800000, 0x0000000703a00000, 0x0000000703a00000|100%| O|  |TAMS 0x0000000703800000| PB 0x0000000703800000| Untracked 
|   2|0x0000000703a00000, 0x0000000703c00000, 0x0000000703c00000|100%| O|  |TAMS 0x0000000703a00000| PB 0x0000000703a00000| Untracked 
|   3|0x0000000703c00000, 0x0000000703e00000, 0x0000000703e00000|100%| O|  |TAMS 0x0000000703c00000| PB 0x0000000703c00000| Untracked 
|   4|0x0000000703e00000, 0x0000000703e613a8, 0x0000000704000000| 18%| O|  |TAMS 0x0000000703e00000| PB 0x0000000703e00000| Untracked 
|   5|0x0000000704000000, 0x0000000704000000, 0x0000000704200000|  0%| F|  |TAMS 0x0000000704000000| PB 0x0000000704000000| Untracked 
|   6|0x0000000704200000, 0x0000000704200000, 0x0000000704400000|  0%| F|  |TAMS 0x0000000704200000| PB 0x0000000704200000| Untracked 
|   7|0x0000000704400000, 0x0000000704400000, 0x0000000704600000|  0%| F|  |TAMS 0x0000000704400000| PB 0x0000000704400000| Untracked 
|   8|0x0000000704600000, 0x0000000704600000, 0x0000000704800000|  0%| F|  |TAMS 0x0000000704600000| PB 0x0000000704600000| Untracked 
|   9|0x0000000704800000, 0x0000000704800000, 0x0000000704a00000|  0%| F|  |TAMS 0x0000000704800000| PB 0x0000000704800000| Untracked 
|  10|0x0000000704a00000, 0x0000000704a00000, 0x0000000704c00000|  0%| F|  |TAMS 0x0000000704a00000| PB 0x0000000704a00000| Untracked 
|  11|0x0000000704c00000, 0x0000000704c00000, 0x0000000704e00000|  0%| F|  |TAMS 0x0000000704c00000| PB 0x0000000704c00000| Untracked 
|  12|0x0000000704e00000, 0x0000000704e00000, 0x0000000705000000|  0%| F|  |TAMS 0x0000000704e00000| PB 0x0000000704e00000| Untracked 
|  13|0x0000000705000000, 0x0000000705000000, 0x0000000705200000|  0%| F|  |TAMS 0x0000000705000000| PB 0x0000000705000000| Untracked 
|  14|0x0000000705200000, 0x0000000705200000, 0x0000000705400000|  0%| F|  |TAMS 0x0000000705200000| PB 0x0000000705200000| Untracked 
|  15|0x0000000705400000, 0x0000000705400000, 0x0000000705600000|  0%| F|  |TAMS 0x0000000705400000| PB 0x0000000705400000| Untracked 
|  16|0x0000000705600000, 0x0000000705600000, 0x0000000705800000|  0%| F|  |TAMS 0x0000000705600000| PB 0x0000000705600000| Untracked 
|  17|0x0000000705800000, 0x0000000705800000, 0x0000000705a00000|  0%| F|  |TAMS 0x0000000705800000| PB 0x0000000705800000| Untracked 
|  18|0x0000000705a00000, 0x0000000705a00000, 0x0000000705c00000|  0%| F|  |TAMS 0x0000000705a00000| PB 0x0000000705a00000| Untracked 
|  19|0x0000000705c00000, 0x0000000705c00000, 0x0000000705e00000|  0%| F|  |TAMS 0x0000000705c00000| PB 0x0000000705c00000| Untracked 
|  20|0x0000000705e00000, 0x0000000705e00000, 0x0000000706000000|  0%| F|  |TAMS 0x0000000705e00000| PB 0x0000000705e00000| Untracked 
|  21|0x0000000706000000, 0x0000000706000000, 0x0000000706200000|  0%| F|  |TAMS 0x0000000706000000| PB 0x0000000706000000| Untracked 
|  22|0x0000000706200000, 0x0000000706200000, 0x0000000706400000|  0%| F|  |TAMS 0x0000000706200000| PB 0x0000000706200000| Untracked 
|  23|0x0000000706400000, 0x0000000706400000, 0x0000000706600000|  0%| F|  |TAMS 0x0000000706400000| PB 0x0000000706400000| Untracked 
|  24|0x0000000706600000, 0x0000000706600000, 0x0000000706800000|  0%| F|  |TAMS 0x0000000706600000| PB 0x0000000706600000| Untracked 
|  25|0x0000000706800000, 0x0000000706800000, 0x0000000706a00000|  0%| F|  |TAMS 0x0000000706800000| PB 0x0000000706800000| Untracked 
|  26|0x0000000706a00000, 0x0000000706a00000, 0x0000000706c00000|  0%| F|  |TAMS 0x0000000706a00000| PB 0x0000000706a00000| Untracked 
|  27|0x0000000706c00000, 0x0000000706c00000, 0x0000000706e00000|  0%| F|  |TAMS 0x0000000706c00000| PB 0x0000000706c00000| Untracked 
|  28|0x0000000706e00000, 0x0000000706e00000, 0x0000000707000000|  0%| F|  |TAMS 0x0000000706e00000| PB 0x0000000706e00000| Untracked 
|  29|0x0000000707000000, 0x0000000707000000, 0x0000000707200000|  0%| F|  |TAMS 0x0000000707000000| PB 0x0000000707000000| Untracked 
|  30|0x0000000707200000, 0x0000000707200000, 0x0000000707400000|  0%| F|  |TAMS 0x0000000707200000| PB 0x0000000707200000| Untracked 
|  31|0x0000000707400000, 0x0000000707400000, 0x0000000707600000|  0%| F|  |TAMS 0x0000000707400000| PB 0x0000000707400000| Untracked 
|  32|0x0000000707600000, 0x0000000707600000, 0x0000000707800000|  0%| F|  |TAMS 0x0000000707600000| PB 0x0000000707600000| Untracked 
|  33|0x0000000707800000, 0x0000000707800000, 0x0000000707a00000|  0%| F|  |TAMS 0x0000000707800000| PB 0x0000000707800000| Untracked 
|  34|0x0000000707a00000, 0x0000000707a00000, 0x0000000707c00000|  0%| F|  |TAMS 0x0000000707a00000| PB 0x0000000707a00000| Untracked 
|  35|0x0000000707c00000, 0x0000000707c00000, 0x0000000707e00000|  0%| F|  |TAMS 0x0000000707c00000| PB 0x0000000707c00000| Untracked 
|  36|0x0000000707e00000, 0x0000000707e00000, 0x0000000708000000|  0%| F|  |TAMS 0x0000000707e00000| PB 0x0000000707e00000| Untracked 
|  37|0x0000000708000000, 0x0000000708000000, 0x0000000708200000|  0%| F|  |TAMS 0x0000000708000000| PB 0x0000000708000000| Untracked 
|  38|0x0000000708200000, 0x0000000708200000, 0x0000000708400000|  0%| F|  |TAMS 0x0000000708200000| PB 0x0000000708200000| Untracked 
|  39|0x0000000708400000, 0x0000000708400000, 0x0000000708600000|  0%| F|  |TAMS 0x0000000708400000| PB 0x0000000708400000| Untracked 
|  40|0x0000000708600000, 0x0000000708600000, 0x0000000708800000|  0%| F|  |TAMS 0x0000000708600000| PB 0x0000000708600000| Untracked 
|  41|0x0000000708800000, 0x0000000708800000, 0x0000000708a00000|  0%| F|  |TAMS 0x0000000708800000| PB 0x0000000708800000| Untracked 
|  42|0x0000000708a00000, 0x0000000708a00000, 0x0000000708c00000|  0%| F|  |TAMS 0x0000000708a00000| PB 0x0000000708a00000| Untracked 
|  43|0x0000000708c00000, 0x0000000708c00000, 0x0000000708e00000|  0%| F|  |TAMS 0x0000000708c00000| PB 0x0000000708c00000| Untracked 
|  44|0x0000000708e00000, 0x0000000708e00000, 0x0000000709000000|  0%| F|  |TAMS 0x0000000708e00000| PB 0x0000000708e00000| Untracked 
|  45|0x0000000709000000, 0x0000000709000000, 0x0000000709200000|  0%| F|  |TAMS 0x0000000709000000| PB 0x0000000709000000| Untracked 
|  46|0x0000000709200000, 0x0000000709200000, 0x0000000709400000|  0%| F|  |TAMS 0x0000000709200000| PB 0x0000000709200000| Untracked 
|  47|0x0000000709400000, 0x0000000709400000, 0x0000000709600000|  0%| F|  |TAMS 0x0000000709400000| PB 0x0000000709400000| Untracked 
|  48|0x0000000709600000, 0x0000000709600000, 0x0000000709800000|  0%| F|  |TAMS 0x0000000709600000| PB 0x0000000709600000| Untracked 
|  49|0x0000000709800000, 0x0000000709800000, 0x0000000709a00000|  0%| F|  |TAMS 0x0000000709800000| PB 0x0000000709800000| Untracked 
|  50|0x0000000709a00000, 0x0000000709a00000, 0x0000000709c00000|  0%| F|  |TAMS 0x0000000709a00000| PB 0x0000000709a00000| Untracked 
|  51|0x0000000709c00000, 0x0000000709c00000, 0x0000000709e00000|  0%| F|  |TAMS 0x0000000709c00000| PB 0x0000000709c00000| Untracked 
|  52|0x0000000709e00000, 0x0000000709e00000, 0x000000070a000000|  0%| F|  |TAMS 0x0000000709e00000| PB 0x0000000709e00000| Untracked 
|  53|0x000000070a000000, 0x000000070a000000, 0x000000070a200000|  0%| F|  |TAMS 0x000000070a000000| PB 0x000000070a000000| Untracked 
|  54|0x000000070a200000, 0x000000070a200000, 0x000000070a400000|  0%| F|  |TAMS 0x000000070a200000| PB 0x000000070a200000| Untracked 
|  55|0x000000070a400000, 0x000000070a400000, 0x000000070a600000|  0%| F|  |TAMS 0x000000070a400000| PB 0x000000070a400000| Untracked 
|  56|0x000000070a600000, 0x000000070a600000, 0x000000070a800000|  0%| F|  |TAMS 0x000000070a600000| PB 0x000000070a600000| Untracked 
|  57|0x000000070a800000, 0x000000070a800000, 0x000000070aa00000|  0%| F|  |TAMS 0x000000070a800000| PB 0x000000070a800000| Untracked 
|  58|0x000000070aa00000, 0x000000070aa00000, 0x000000070ac00000|  0%| F|  |TAMS 0x000000070aa00000| PB 0x000000070aa00000| Untracked 
|  59|0x000000070ac00000, 0x000000070ac00000, 0x000000070ae00000|  0%| F|  |TAMS 0x000000070ac00000| PB 0x000000070ac00000| Untracked 
|  60|0x000000070ae00000, 0x000000070ae00000, 0x000000070b000000|  0%| F|  |TAMS 0x000000070ae00000| PB 0x000000070ae00000| Untracked 
|  61|0x000000070b000000, 0x000000070b000000, 0x000000070b200000|  0%| F|  |TAMS 0x000000070b000000| PB 0x000000070b000000| Untracked 
|  62|0x000000070b200000, 0x000000070b200000, 0x000000070b400000|  0%| F|  |TAMS 0x000000070b200000| PB 0x000000070b200000| Untracked 
|  63|0x000000070b400000, 0x000000070b400000, 0x000000070b600000|  0%| F|  |TAMS 0x000000070b400000| PB 0x000000070b400000| Untracked 
|  64|0x000000070b600000, 0x000000070b600000, 0x000000070b800000|  0%| F|  |TAMS 0x000000070b600000| PB 0x000000070b600000| Untracked 
|  65|0x000000070b800000, 0x000000070b800000, 0x000000070ba00000|  0%| F|  |TAMS 0x000000070b800000| PB 0x000000070b800000| Untracked 
|  66|0x000000070ba00000, 0x000000070ba00000, 0x000000070bc00000|  0%| F|  |TAMS 0x000000070ba00000| PB 0x000000070ba00000| Untracked 
|  67|0x000000070bc00000, 0x000000070bc00000, 0x000000070be00000|  0%| F|  |TAMS 0x000000070bc00000| PB 0x000000070bc00000| Untracked 
|  68|0x000000070be00000, 0x000000070be00000, 0x000000070c000000|  0%| F|  |TAMS 0x000000070be00000| PB 0x000000070be00000| Untracked 
|  69|0x000000070c000000, 0x000000070c000000, 0x000000070c200000|  0%| F|  |TAMS 0x000000070c000000| PB 0x000000070c000000| Untracked 
|  70|0x000000070c200000, 0x000000070c200000, 0x000000070c400000|  0%| F|  |TAMS 0x000000070c200000| PB 0x000000070c200000| Untracked 
|  71|0x000000070c400000, 0x000000070c400000, 0x000000070c600000|  0%| F|  |TAMS 0x000000070c400000| PB 0x000000070c400000| Untracked 
|  72|0x000000070c600000, 0x000000070c600000, 0x000000070c800000|  0%| F|  |TAMS 0x000000070c600000| PB 0x000000070c600000| Untracked 
|  73|0x000000070c800000, 0x000000070c800000, 0x000000070ca00000|  0%| F|  |TAMS 0x000000070c800000| PB 0x000000070c800000| Untracked 
|  74|0x000000070ca00000, 0x000000070ca00000, 0x000000070cc00000|  0%| F|  |TAMS 0x000000070ca00000| PB 0x000000070ca00000| Untracked 
|  75|0x000000070cc00000, 0x000000070cc00000, 0x000000070ce00000|  0%| F|  |TAMS 0x000000070cc00000| PB 0x000000070cc00000| Untracked 
|  76|0x000000070ce00000, 0x000000070ce00000, 0x000000070d000000|  0%| F|  |TAMS 0x000000070ce00000| PB 0x000000070ce00000| Untracked 
|  77|0x000000070d000000, 0x000000070d000000, 0x000000070d200000|  0%| F|  |TAMS 0x000000070d000000| PB 0x000000070d000000| Untracked 
|  78|0x000000070d200000, 0x000000070d200000, 0x000000070d400000|  0%| F|  |TAMS 0x000000070d200000| PB 0x000000070d200000| Untracked 
|  79|0x000000070d400000, 0x000000070d400000, 0x000000070d600000|  0%| F|  |TAMS 0x000000070d400000| PB 0x000000070d400000| Untracked 
|  80|0x000000070d600000, 0x000000070d600000, 0x000000070d800000|  0%| F|  |TAMS 0x000000070d600000| PB 0x000000070d600000| Untracked 
|  81|0x000000070d800000, 0x000000070d800000, 0x000000070da00000|  0%| F|  |TAMS 0x000000070d800000| PB 0x000000070d800000| Untracked 
|  82|0x000000070da00000, 0x000000070da00000, 0x000000070dc00000|  0%| F|  |TAMS 0x000000070da00000| PB 0x000000070da00000| Untracked 
|  83|0x000000070dc00000, 0x000000070dc00000, 0x000000070de00000|  0%| F|  |TAMS 0x000000070dc00000| PB 0x000000070dc00000| Untracked 
|  84|0x000000070de00000, 0x000000070de00000, 0x000000070e000000|  0%| F|  |TAMS 0x000000070de00000| PB 0x000000070de00000| Untracked 
|  85|0x000000070e000000, 0x000000070e000000, 0x000000070e200000|  0%| F|  |TAMS 0x000000070e000000| PB 0x000000070e000000| Untracked 
|  86|0x000000070e200000, 0x000000070e200000, 0x000000070e400000|  0%| F|  |TAMS 0x000000070e200000| PB 0x000000070e200000| Untracked 
|  87|0x000000070e400000, 0x000000070e400000, 0x000000070e600000|  0%| F|  |TAMS 0x000000070e400000| PB 0x000000070e400000| Untracked 
|  88|0x000000070e600000, 0x000000070e600000, 0x000000070e800000|  0%| F|  |TAMS 0x000000070e600000| PB 0x000000070e600000| Untracked 
|  89|0x000000070e800000, 0x000000070e800000, 0x000000070ea00000|  0%| F|  |TAMS 0x000000070e800000| PB 0x000000070e800000| Untracked 
|  90|0x000000070ea00000, 0x000000070ea00000, 0x000000070ec00000|  0%| F|  |TAMS 0x000000070ea00000| PB 0x000000070ea00000| Untracked 
|  91|0x000000070ec00000, 0x000000070ec00000, 0x000000070ee00000|  0%| F|  |TAMS 0x000000070ec00000| PB 0x000000070ec00000| Untracked 
|  92|0x000000070ee00000, 0x000000070ee00000, 0x000000070f000000|  0%| F|  |TAMS 0x000000070ee00000| PB 0x000000070ee00000| Untracked 
|  93|0x000000070f000000, 0x000000070f000000, 0x000000070f200000|  0%| F|  |TAMS 0x000000070f000000| PB 0x000000070f000000| Untracked 
|  94|0x000000070f200000, 0x000000070f200000, 0x000000070f400000|  0%| F|  |TAMS 0x000000070f200000| PB 0x000000070f200000| Untracked 
|  95|0x000000070f400000, 0x000000070f400000, 0x000000070f600000|  0%| F|  |TAMS 0x000000070f400000| PB 0x000000070f400000| Untracked 
|  96|0x000000070f600000, 0x000000070f600000, 0x000000070f800000|  0%| F|  |TAMS 0x000000070f600000| PB 0x000000070f600000| Untracked 
|  97|0x000000070f800000, 0x000000070f800000, 0x000000070fa00000|  0%| F|  |TAMS 0x000000070f800000| PB 0x000000070f800000| Untracked 
|  98|0x000000070fa00000, 0x000000070fa00000, 0x000000070fc00000|  0%| F|  |TAMS 0x000000070fa00000| PB 0x000000070fa00000| Untracked 
|  99|0x000000070fc00000, 0x000000070fc00000, 0x000000070fe00000|  0%| F|  |TAMS 0x000000070fc00000| PB 0x000000070fc00000| Untracked 
| 100|0x000000070fe00000, 0x000000070fe00000, 0x0000000710000000|  0%| F|  |TAMS 0x000000070fe00000| PB 0x000000070fe00000| Untracked 
| 101|0x0000000710000000, 0x0000000710000000, 0x0000000710200000|  0%| F|  |TAMS 0x0000000710000000| PB 0x0000000710000000| Untracked 
| 102|0x0000000710200000, 0x0000000710200000, 0x0000000710400000|  0%| F|  |TAMS 0x0000000710200000| PB 0x0000000710200000| Untracked 
| 103|0x0000000710400000, 0x0000000710400000, 0x0000000710600000|  0%| F|  |TAMS 0x0000000710400000| PB 0x0000000710400000| Untracked 
| 104|0x0000000710600000, 0x0000000710600000, 0x0000000710800000|  0%| F|  |TAMS 0x0000000710600000| PB 0x0000000710600000| Untracked 
| 105|0x0000000710800000, 0x0000000710800000, 0x0000000710a00000|  0%| F|  |TAMS 0x0000000710800000| PB 0x0000000710800000| Untracked 
| 106|0x0000000710a00000, 0x0000000710a00000, 0x0000000710c00000|  0%| F|  |TAMS 0x0000000710a00000| PB 0x0000000710a00000| Untracked 
| 107|0x0000000710c00000, 0x0000000710c00000, 0x0000000710e00000|  0%| F|  |TAMS 0x0000000710c00000| PB 0x0000000710c00000| Untracked 
| 108|0x0000000710e00000, 0x0000000710e00000, 0x0000000711000000|  0%| F|  |TAMS 0x0000000710e00000| PB 0x0000000710e00000| Untracked 
| 109|0x0000000711000000, 0x0000000711000000, 0x0000000711200000|  0%| F|  |TAMS 0x0000000711000000| PB 0x0000000711000000| Untracked 
| 110|0x0000000711200000, 0x0000000711200000, 0x0000000711400000|  0%| F|  |TAMS 0x0000000711200000| PB 0x0000000711200000| Untracked 
| 111|0x0000000711400000, 0x0000000711400000, 0x0000000711600000|  0%| F|  |TAMS 0x0000000711400000| PB 0x0000000711400000| Untracked 
| 112|0x0000000711600000, 0x0000000711600000, 0x0000000711800000|  0%| F|  |TAMS 0x0000000711600000| PB 0x0000000711600000| Untracked 
| 113|0x0000000711800000, 0x0000000711800000, 0x0000000711a00000|  0%| F|  |TAMS 0x0000000711800000| PB 0x0000000711800000| Untracked 
| 114|0x0000000711a00000, 0x0000000711a00000, 0x0000000711c00000|  0%| F|  |TAMS 0x0000000711a00000| PB 0x0000000711a00000| Untracked 
| 115|0x0000000711c00000, 0x0000000711c00000, 0x0000000711e00000|  0%| F|  |TAMS 0x0000000711c00000| PB 0x0000000711c00000| Untracked 
| 116|0x0000000711e00000, 0x0000000711e00000, 0x0000000712000000|  0%| F|  |TAMS 0x0000000711e00000| PB 0x0000000711e00000| Untracked 
| 117|0x0000000712000000, 0x00000007121a1068, 0x0000000712200000| 81%| S|CS|TAMS 0x0000000712000000| PB 0x0000000712000000| Complete 
| 118|0x0000000712200000, 0x0000000712200000, 0x0000000712400000|  0%| F|  |TAMS 0x0000000712200000| PB 0x0000000712200000| Untracked 
| 119|0x0000000712400000, 0x0000000712400000, 0x0000000712600000|  0%| F|  |TAMS 0x0000000712400000| PB 0x0000000712400000| Untracked 
| 120|0x0000000712600000, 0x0000000712600000, 0x0000000712800000|  0%| F|  |TAMS 0x0000000712600000| PB 0x0000000712600000| Untracked 
| 121|0x0000000712800000, 0x0000000712800000, 0x0000000712a00000|  0%| F|  |TAMS 0x0000000712800000| PB 0x0000000712800000| Untracked 
| 122|0x0000000712a00000, 0x0000000712a00000, 0x0000000712c00000|  0%| F|  |TAMS 0x0000000712a00000| PB 0x0000000712a00000| Untracked 
| 123|0x0000000712c00000, 0x0000000712c00000, 0x0000000712e00000|  0%| F|  |TAMS 0x0000000712c00000| PB 0x0000000712c00000| Untracked 
| 124|0x0000000712e00000, 0x0000000712ef5b60, 0x0000000713000000| 47%| E|  |TAMS 0x0000000712e00000| PB 0x0000000712e00000| Complete 
| 125|0x0000000713000000, 0x0000000713200000, 0x0000000713200000|100%| E|CS|TAMS 0x0000000713000000| PB 0x0000000713000000| Complete 
| 126|0x0000000713200000, 0x0000000713400000, 0x0000000713400000|100%| E|CS|TAMS 0x0000000713200000| PB 0x0000000713200000| Complete 

Card table byte_map: [0x0000022d68060000,0x0000022d68850000] _byte_map_base: 0x0000022d64845000

Marking Bits: (CMBitMap*) 0x0000022d5c334100
 Bits: [0x0000022d68850000, 0x0000022d6c778000)

Polling page: 0x0000022d5a260000

Metaspace:

Usage:
  Non-class:      7.62 MB used.
      Class:      1.22 MB used.
       Both:      8.83 MB used.

Virtual space:
  Non-class space:       64.00 MB reserved,       7.75 MB ( 12%) committed,  1 nodes.
      Class space:        1.00 GB reserved,       1.38 MB ( <1%) committed,  1 nodes.
             Both:        1.06 GB reserved,       9.12 MB ( <1%) committed. 

Chunk freelists:
   Non-Class:  6.73 MB
       Class:  14.67 MB
        Both:  21.41 MB

MaxMetaspaceSize: unlimited
CompressedClassSpaceSize: 1.00 GB
Initial GC threshold: 21.00 MB
Current GC threshold: 21.00 MB
CDS: on
 - commit_granule_bytes: 65536.
 - commit_granule_words: 8192.
 - virtual_space_node_default_size: 8388608.
 - enlarge_chunks_in_place: 1.
 - use_allocation_guard: 0.


Internal statistics:

num_allocs_failed_limit: 0.
num_arena_births: 254.
num_arena_deaths: 0.
num_vsnodes_births: 2.
num_vsnodes_deaths: 0.
num_space_committed: 146.
num_space_uncommitted: 0.
num_chunks_returned_to_freelist: 0.
num_chunks_taken_from_freelist: 628.
num_chunk_merges: 0.
num_chunk_splits: 359.
num_chunks_enlarged: 210.
num_inconsistent_stats: 0.

CodeCache: size=49152Kb used=5711Kb max_used=5711Kb free=43440Kb
 bounds [0x0000022d64760000, 0x0000022d64d00000, 0x0000022d67760000]
 total_blobs=2243 nmethods=1778 adapters=386
 compilation: enabled
              stopped_count=0, restarted_count=0
 full_count=0

Compilation events (20 events):
Event: 0.905 Thread 0x0000022d6f4978d0 1770       1       jdk.internal.module.Builder::newExports (12 bytes)
Event: 0.905 Thread 0x0000022d6f497220 nmethod 1768 0x0000022d64cf0f90 code [0x0000022d64cf1120, 0x0000022d64cf11f0]
Event: 0.906 Thread 0x0000022d6f494b60 1771       1       java.lang.module.ModuleDescriptor$1::newExports (12 bytes)
Event: 0.906 Thread 0x0000022d6f497220 1772       1       jdk.internal.module.Builder::newRequires (7 bytes)
Event: 0.906 Thread 0x0000022d6f4978d0 nmethod 1770 0x0000022d64cf1290 code [0x0000022d64cf1440, 0x0000022d64cf1678]
Event: 0.906 Thread 0x0000022d6f27e3f0 nmethod 1769 0x0000022d64cf1710 code [0x0000022d64cf18e0, 0x0000022d64cf1be0]
Event: 0.906 Thread 0x0000022d6f4978d0 1773       1       jdk.internal.module.Builder::newRequires (51 bytes)
Event: 0.906 Thread 0x0000022d6f497220 nmethod 1772 0x0000022d64cf1d10 code [0x0000022d64cf1ec0, 0x0000022d64cf1f88]
Event: 0.906 Thread 0x0000022d6f494b60 nmethod 1771 0x0000022d64cf2010 code [0x0000022d64cf21c0, 0x0000022d64cf2410]
Event: 0.906 Thread 0x0000022d6f497220 1774       1       java.lang.module.ModuleDescriptor$1::newRequires (12 bytes)
Event: 0.906 Thread 0x0000022d6f27e3f0 1775       1       java.lang.module.ModuleDescriptor$Requires::<init> (25 bytes)
Event: 0.906 Thread 0x0000022d6f494b60 1776       1       java.net.URI::hash (33 bytes)
Event: 0.906 Thread 0x0000022d6f497220 nmethod 1774 0x0000022d64cf2490 code [0x0000022d64cf2640, 0x0000022d64cf2890]
Event: 0.906 Thread 0x0000022d6f497220 1777       1       java.net.URI::toLower (19 bytes)
Event: 0.906 Thread 0x0000022d6f27e3f0 nmethod 1775 0x0000022d64cf2910 code [0x0000022d64cf2ac0, 0x0000022d64cf2ce0]
Event: 0.906 Thread 0x0000022d6f4978d0 nmethod 1773 0x0000022d64cf2d90 code [0x0000022d64cf2f60, 0x0000022d64cf32f8]
Event: 0.906 Thread 0x0000022d6f494b60 nmethod 1776 0x0000022d64cf3490 code [0x0000022d64cf3660, 0x0000022d64cf37f8]
Event: 0.906 Thread 0x0000022d6f497220 nmethod 1777 0x0000022d64cf3910 code [0x0000022d64cf3aa0, 0x0000022d64cf3b88]
Event: 0.907 Thread 0x0000022d6f494b60 1778       1       java.lang.invoke.MethodHandleImpl$IntrinsicMethodHandle::getTarget (5 bytes)
Event: 0.907 Thread 0x0000022d6f494b60 nmethod 1778 0x0000022d64cf3c10 code [0x0000022d64cf3da0, 0x0000022d64cf3e70]

GC Heap History (4 events):
Event: 0.467 GC heap before
{Heap before GC invocations=0 (full 0):
 garbage-first heap   total 260096K, used 20480K [0x0000000703600000, 0x0000000800000000)
  region size 2048K, 11 young (22528K), 0 survivors (0K)
 Metaspace       used 3427K, committed 3648K, reserved 1114112K
  class space    used 426K, committed 512K, reserved 1048576K
}
Event: 0.472 GC heap after
{Heap after GC invocations=1 (full 0):
 garbage-first heap   total 260096K, used 8569K [0x0000000703600000, 0x0000000800000000)
  region size 2048K, 2 young (4096K), 2 survivors (4096K)
 Metaspace       used 3427K, committed 3648K, reserved 1114112K
  class space    used 426K, committed 512K, reserved 1048576K
}
Event: 0.853 GC heap before
{Heap before GC invocations=1 (full 0):
 garbage-first heap   total 260096K, used 27001K [0x0000000703600000, 0x0000000800000000)
  region size 2048K, 11 young (22528K), 2 survivors (4096K)
 Metaspace       used 7767K, committed 8000K, reserved 1114112K
  class space    used 1063K, committed 1152K, reserved 1048576K
}
Event: 0.856 GC heap after
{Heap after GC invocations=2 (full 0):
 garbage-first heap   total 260096K, used 10249K [0x0000000703600000, 0x0000000800000000)
  region size 2048K, 1 young (2048K), 1 survivors (2048K)
 Metaspace       used 7767K, committed 8000K, reserved 1114112K
  class space    used 1063K, committed 1152K, reserved 1048576K
}

Dll operation events (5 events):
Event: 0.009 Loaded shared library C:\Program Files\Java\jdk-21\bin\java.dll
Event: 0.121 Loaded shared library C:\Program Files\Java\jdk-21\bin\net.dll
Event: 0.123 Loaded shared library C:\Program Files\Java\jdk-21\bin\nio.dll
Event: 0.126 Loaded shared library C:\Program Files\Java\jdk-21\bin\zip.dll
Event: 0.247 Loaded shared library C:\Program Files\Java\jdk-21\bin\jimage.dll

Deoptimization events (0 events):
No events

Classes loaded (20 events):
Event: 0.891 Loading class java/io/PrintWriter done
Event: 0.891 Loading class jdk/internal/io/JdkConsoleImpl$2 done
Event: 0.891 Loading class java/io/PrintWriter$1
Event: 0.891 Loading class jdk/internal/access/JavaIOPrintWriterAccess
Event: 0.891 Loading class jdk/internal/access/JavaIOPrintWriterAccess done
Event: 0.891 Loading class java/io/PrintWriter$1 done
Event: 0.891 Loading class jdk/internal/io/JdkConsoleImpl$LineReader
Event: 0.891 Loading class jdk/internal/io/JdkConsoleImpl$LineReader done
Event: 0.891 Loading class java/io/ProxyingConsole$WrappingReader
Event: 0.891 Loading class java/io/ProxyingConsole$WrappingReader done
Event: 0.891 Loading class java/io/ProxyingConsole$WrappingWriter
Event: 0.891 Loading class java/io/ProxyingConsole$WrappingWriter done
Event: 0.891 Loading class java/io/Console$1
Event: 0.891 Loading class jdk/internal/access/JavaIOAccess
Event: 0.891 Loading class jdk/internal/access/JavaIOAccess done
Event: 0.891 Loading class java/io/Console$1 done
Event: 0.904 Loading class java/nio/file/FileSystemNotFoundException
Event: 0.904 Loading class java/nio/file/FileSystemNotFoundException done
Event: 0.904 Loading class java/util/zip/ZipException
Event: 0.904 Loading class java/util/zip/ZipException done

Classes unloaded (0 events):
No events

Classes redefined (0 events):
No events

Internal exceptions (20 events):
Event: 0.752 Thread 0x0000022d5a0d32b0 Exception <a 'java/lang/NoSuchMethodError'{0x0000000712789980}: 'void java.lang.invoke.DirectMethodHandle$Holder.invokeSpecial(java.lang.Object, java.lang.Object, java.lang.Object, java.lang.Object, java.lang.Object, java.lang.Object)'> (0x0000000712789980) 
thrown [s\open\src\hotspot\share\interpreter\linkResolver.cpp, line 773]
Event: 0.765 Thread 0x0000022d5a0d32b0 Exception <a 'java/lang/NoSuchMethodError'{0x0000000712425908}: 'java.lang.Object java.lang.invoke.DirectMethodHandle$Holder.invokeSpecial(java.lang.Object, java.lang.Object, java.lang.Object, int, java.lang.Object)'> (0x0000000712425908) 
thrown [s\open\src\hotspot\share\interpreter\linkResolver.cpp, line 773]
Event: 0.765 Thread 0x0000022d5a0d32b0 Exception <a 'java/lang/NoSuchMethodError'{0x000000071242d218}: 'java.lang.Object java.lang.invoke.DirectMethodHandle$Holder.newInvokeSpecial(java.lang.Object, java.lang.Object, java.lang.Object, int, java.lang.Object)'> (0x000000071242d218) 
thrown [s\open\src\hotspot\share\interpreter\linkResolver.cpp, line 773]
Event: 0.766 Thread 0x0000022d5a0d32b0 Exception <a 'java/lang/NoSuchMethodError'{0x00000007124346b0}: 'java.lang.Object java.lang.invoke.Invokers$Holder.linkToTargetMethod(java.lang.Object, java.lang.Object, int, java.lang.Object, java.lang.Object)'> (0x00000007124346b0) 
thrown [s\open\src\hotspot\share\interpreter\linkResolver.cpp, line 773]
Event: 0.767 Thread 0x0000022d5a0d32b0 Exception <a 'java/lang/NoSuchMethodError'{0x0000000712441e00}: 'java.lang.Object java.lang.invoke.DirectMethodHandle$Holder.newInvokeSpecial(java.lang.Object, int, java.lang.Object)'> (0x0000000712441e00) 
thrown [s\open\src\hotspot\share\interpreter\linkResolver.cpp, line 773]
Event: 0.768 Thread 0x0000022d5a0d32b0 Exception <a 'java/lang/NoSuchMethodError'{0x0000000712446780}: 'int java.lang.invoke.DirectMethodHandle$Holder.invokeSpecialIFC(java.lang.Object, java.lang.Object, java.lang.Object, java.lang.Object)'> (0x0000000712446780) 
thrown [s\open\src\hotspot\share\interpreter\linkResolver.cpp, line 773]
Event: 0.784 Thread 0x0000022d5a0d32b0 Exception <a 'java/lang/NoSuchMethodError'{0x0000000712535490}: 'void java.lang.invoke.DirectMethodHandle$Holder.invokeInterface(java.lang.Object, java.lang.Object, java.lang.Object)'> (0x0000000712535490) 
thrown [s\open\src\hotspot\share\interpreter\linkResolver.cpp, line 773]
Event: 0.799 Thread 0x0000022d5a0d32b0 Exception <a 'java/lang/NoSuchMethodError'{0x00000007125d7a68}: 'java.lang.reflect.Field[] java.lang.Class.getDeclaredFields(java.lang.Class)'> (0x00000007125d7a68) 
thrown [s\open\src\hotspot\share\interpreter\linkResolver.cpp, line 773]
Event: 0.800 Thread 0x0000022d5a0d32b0 Exception <a 'java/lang/NoSuchMethodError'{0x00000007125dc3c8}: 'java.lang.Object java.lang.invoke.DirectMethodHandle$Holder.invokeStatic(java.lang.Object, java.lang.Object, int)'> (0x00000007125dc3c8) 
thrown [s\open\src\hotspot\share\interpreter\linkResolver.cpp, line 773]
Event: 0.801 Thread 0x0000022d5a0d32b0 Exception <a 'java/lang/NoSuchMethodError'{0x00000007125e7578}: 'void java.lang.invoke.DelegatingMethodHandle$Holder.delegate(java.lang.Object, java.lang.Object, int, java.lang.Object)'> (0x00000007125e7578) 
thrown [s\open\src\hotspot\share\interpreter\linkResolver.cpp, line 773]
Event: 0.834 Thread 0x0000022d5a0d32b0 Exception <a 'java/lang/NoSuchMethodError'{0x00000007123001c0}: 'void java.lang.invoke.DirectMethodHandle$Holder.invokeStaticInit(java.lang.Object, java.lang.Object, java.lang.Object)'> (0x00000007123001c0) 
thrown [s\open\src\hotspot\share\interpreter\linkResolver.cpp, line 773]
Event: 0.838 Thread 0x0000022d5a0d32b0 Exception <a 'java/lang/NoSuchMethodError'{0x0000000712356938}: 'java.lang.Object java.lang.invoke.DirectMethodHandle$Holder.invokeStatic(java.lang.Object, long, java.lang.Object)'> (0x0000000712356938) 
thrown [s\open\src\hotspot\share\interpreter\linkResolver.cpp, line 773]
Event: 0.838 Thread 0x0000022d5a0d32b0 Exception <a 'java/lang/NoSuchMethodError'{0x0000000712359fa0}: 'java.lang.Object java.lang.invoke.DirectMethodHandle$Holder.invokeStaticInit(java.lang.Object, long, java.lang.Object)'> (0x0000000712359fa0) 
thrown [s\open\src\hotspot\share\interpreter\linkResolver.cpp, line 773]
Event: 0.839 Thread 0x0000022d5a0d32b0 Exception <a 'java/lang/NoSuchMethodError'{0x000000071235f448}: 'java.lang.Object java.lang.invoke.DirectMethodHandle$Holder.newInvokeSpecial(java.lang.Object, long)'> (0x000000071235f448) 
thrown [s\open\src\hotspot\share\interpreter\linkResolver.cpp, line 773]
Event: 0.849 Thread 0x0000022d5a0d32b0 Exception <a 'java/lang/NoSuchMethodError'{0x00000007123bb7d0}: 'void java.lang.invoke.DirectMethodHandle$Holder.invokeVirtual(java.lang.Object, java.lang.Object, java.lang.Object, java.lang.Object)'> (0x00000007123bb7d0) 
thrown [s\open\src\hotspot\share\interpreter\linkResolver.cpp, line 773]
Event: 0.879 Thread 0x0000022d5a0d32b0 Exception <a 'java/lang/NoSuchMethodError'{0x00000007132e85a0}: 'void java.lang.invoke.DirectMethodHandle$Holder.invokeSpecial(java.lang.Object, java.lang.Object, java.lang.Object)'> (0x00000007132e85a0) 
thrown [s\open\src\hotspot\share\interpreter\linkResolver.cpp, line 773]
Event: 0.883 Thread 0x0000022d5a0d32b0 Exception <a 'java/lang/IncompatibleClassChangeError'{0x000000071330f3c8}: Found class java.lang.Object, but interface was expected> (0x000000071330f3c8) 
thrown [s\open\src\hotspot\share\interpreter\linkResolver.cpp, line 840]
Event: 0.888 Thread 0x0000022d5a0d32b0 Exception <a 'java/lang/NoSuchMethodError'{0x00000007133661d8}: 'java.lang.Object java.lang.invoke.DirectMethodHandle$Holder.invokeStaticInit(java.lang.Object, int)'> (0x00000007133661d8) 
thrown [s\open\src\hotspot\share\interpreter\linkResolver.cpp, line 773]
Event: 0.889 Thread 0x0000022d5a0d32b0 Exception <a 'java/lang/NoSuchMethodError'{0x00000007133702f8}: 'java.lang.Object java.lang.invoke.DirectMethodHandle$Holder.invokeStatic(java.lang.Object, int, java.lang.Object)'> (0x00000007133702f8) 
thrown [s\open\src\hotspot\share\interpreter\linkResolver.cpp, line 773]
Event: 0.889 Thread 0x0000022d5a0d32b0 Exception <a 'java/lang/NoSuchMethodError'{0x0000000713373958}: 'java.lang.Object java.lang.invoke.DirectMethodHandle$Holder.invokeStaticInit(java.lang.Object, int, java.lang.Object)'> (0x0000000713373958) 
thrown [s\open\src\hotspot\share\interpreter\linkResolver.cpp, line 773]

ZGC Phase Switch (0 events):
No events

VM Operations (20 events):
Event: 0.251 Executing VM operation: HandshakeAllThreads (Deoptimize)
Event: 0.251 Executing VM operation: HandshakeAllThreads (Deoptimize) done
Event: 0.460 Executing VM operation: HandshakeAllThreads (Deoptimize)
Event: 0.460 Executing VM operation: HandshakeAllThreads (Deoptimize) done
Event: 0.467 Executing VM operation: G1CollectForAllocation (G1 Evacuation Pause)
Event: 0.472 Executing VM operation: G1CollectForAllocation (G1 Evacuation Pause) done
Event: 0.550 Executing VM operation: HandshakeAllThreads (Deoptimize)
Event: 0.550 Executing VM operation: HandshakeAllThreads (Deoptimize) done
Event: 0.748 Executing VM operation: HandshakeAllThreads (Deoptimize)
Event: 0.748 Executing VM operation: HandshakeAllThreads (Deoptimize) done
Event: 0.800 Executing VM operation: HandshakeAllThreads (Deoptimize)
Event: 0.800 Executing VM operation: HandshakeAllThreads (Deoptimize) done
Event: 0.802 Executing VM operation: ICBufferFull
Event: 0.802 Executing VM operation: ICBufferFull done
Event: 0.853 Executing VM operation: G1CollectForAllocation (G1 Evacuation Pause)
Event: 0.856 Executing VM operation: G1CollectForAllocation (G1 Evacuation Pause) done
Event: 0.873 Executing VM operation: HandshakeAllThreads (Deoptimize)
Event: 0.873 Executing VM operation: HandshakeAllThreads (Deoptimize) done
Event: 0.876 Executing VM operation: HandshakeAllThreads (Deoptimize)
Event: 0.876 Executing VM operation: HandshakeAllThreads (Deoptimize) done

Events (16 events):
Event: 0.026 Thread 0x0000022d5a0d32b0 Thread added: 0x0000022d5a0d32b0
Event: 0.041 Thread 0x0000022d6f263c00 Thread added: 0x0000022d6f263c00
Event: 0.041 Thread 0x0000022d6f264b20 Thread added: 0x0000022d6f264b20
Event: 0.041 Thread 0x0000022d6f267dd0 Thread added: 0x0000022d6f267dd0
Event: 0.042 Thread 0x0000022d6f269e10 Thread added: 0x0000022d6f269e10
Event: 0.042 Thread 0x0000022d6f26dc40 Thread added: 0x0000022d6f26dc40
Event: 0.042 Thread 0x0000022d6f278f10 Thread added: 0x0000022d6f278f10
Event: 0.042 Thread 0x0000022d6f27e3f0 Thread added: 0x0000022d6f27e3f0
Event: 0.111 Thread 0x0000022d6f494b60 Thread added: 0x0000022d6f494b60
Event: 0.111 Thread 0x0000022d6f497220 Thread added: 0x0000022d6f497220
Event: 0.111 Thread 0x0000022d6f4978d0 Thread added: 0x0000022d6f4978d0
Event: 0.113 Thread 0x0000022d6f2795a0 Thread added: 0x0000022d6f2795a0
Event: 0.116 Thread 0x0000022d6f279c30 Thread added: 0x0000022d6f279c30
Event: 0.817 Thread 0x0000022d6f278880 Thread added: 0x0000022d6f278880
Event: 0.826 Thread 0x0000022d6f278880 Thread exited: 0x0000022d6f278880
Event: 0.881 Thread 0x0000022d6f27a2c0 Thread added: 0x0000022d6f27a2c0


Dynamic libraries:
0x00007ff635100000 - 0x00007ff635110000 	C:\Program Files\Java\jdk-21\bin\java.exe
0x00007ff98c4f0000 - 0x00007ff98c707000 	C:\WINDOWS\SYSTEM32\ntdll.dll
0x00007ff98b430000 - 0x00007ff98b4f4000 	C:\WINDOWS\System32\KERNEL32.DLL
0x00007ff989980000 - 0x00007ff989d52000 	C:\WINDOWS\System32\KERNELBASE.dll
0x00007ff98a060000 - 0x00007ff98a171000 	C:\WINDOWS\System32\ucrtbase.dll
0x00007ff981ae0000 - 0x00007ff981af9000 	C:\Program Files\Java\jdk-21\bin\jli.dll
0x00007ff980ca0000 - 0x00007ff980cbb000 	C:\Program Files\Java\jdk-21\bin\VCRUNTIME140.dll
0x00007ff98ba10000 - 0x00007ff98bac1000 	C:\WINDOWS\System32\ADVAPI32.dll
0x00007ff98a4b0000 - 0x00007ff98a557000 	C:\WINDOWS\System32\msvcrt.dll
0x00007ff98a230000 - 0x00007ff98a2d8000 	C:\WINDOWS\System32\sechost.dll
0x00007ff989e60000 - 0x00007ff989e88000 	C:\WINDOWS\System32\bcrypt.dll
0x00007ff98bfd0000 - 0x00007ff98c0e4000 	C:\WINDOWS\System32\RPCRT4.dll
0x00007ff98c290000 - 0x00007ff98c441000 	C:\WINDOWS\System32\USER32.dll
0x00007ff9895e0000 - 0x00007ff989606000 	C:\WINDOWS\System32\win32u.dll
0x00007ff96f850000 - 0x00007ff96faeb000 	C:\WINDOWS\WinSxS\amd64_microsoft.windows.common-controls_6595b64144ccf1df_6.0.22621.5547_none_27104afb73855772\COMCTL32.dll
0x00007ff98b9d0000 - 0x00007ff98b9f9000 	C:\WINDOWS\System32\GDI32.dll
0x00007ff989e90000 - 0x00007ff989fb3000 	C:\WINDOWS\System32\gdi32full.dll
0x00007ff989fc0000 - 0x00007ff98a05a000 	C:\WINDOWS\System32\msvcp_win.dll
0x00007ff97f480000 - 0x00007ff97f48a000 	C:\WINDOWS\SYSTEM32\VERSION.dll
0x00007ff98bb60000 - 0x00007ff98bb91000 	C:\WINDOWS\System32\IMM32.DLL
0x00007ff982150000 - 0x00007ff98215c000 	C:\Program Files\Java\jdk-21\bin\vcruntime140_1.dll
0x00007ff971b90000 - 0x00007ff971c1e000 	C:\Program Files\Java\jdk-21\bin\msvcp140.dll
0x00007ff8eec70000 - 0x00007ff8ef98d000 	C:\Program Files\Java\jdk-21\bin\server\jvm.dll
0x00007ff98a750000 - 0x00007ff98a7c1000 	C:\WINDOWS\System32\WS2_32.dll
0x00007ff988e50000 - 0x00007ff988e9d000 	C:\WINDOWS\SYSTEM32\POWRPROF.dll
0x00007ff9840a0000 - 0x00007ff9840d4000 	C:\WINDOWS\SYSTEM32\WINMM.dll
0x00007ff988e30000 - 0x00007ff988e43000 	C:\WINDOWS\SYSTEM32\UMPDC.dll
0x00007ff9885d0000 - 0x00007ff9885e8000 	C:\WINDOWS\SYSTEM32\kernel.appcore.dll
0x00007ff981f70000 - 0x00007ff981f7a000 	C:\Program Files\Java\jdk-21\bin\jimage.dll
0x00007ff986da0000 - 0x00007ff986fd3000 	C:\WINDOWS\SYSTEM32\DBGHELP.DLL
0x00007ff98bba0000 - 0x00007ff98bf33000 	C:\WINDOWS\System32\combase.dll
0x00007ff98a670000 - 0x00007ff98a747000 	C:\WINDOWS\System32\OLEAUT32.dll
0x00007ff96f810000 - 0x00007ff96f842000 	C:\WINDOWS\SYSTEM32\dbgcore.DLL
0x00007ff989d60000 - 0x00007ff989ddb000 	C:\WINDOWS\System32\bcryptPrimitives.dll
0x00007ff971c40000 - 0x00007ff971c5f000 	C:\Program Files\Java\jdk-21\bin\java.dll
0x00007ff98aab0000 - 0x00007ff98b352000 	C:\WINDOWS\System32\SHELL32.dll
0x00007ff989610000 - 0x00007ff98974f000 	C:\WINDOWS\System32\wintypes.dll
0x00007ff9874c0000 - 0x00007ff987ddd000 	C:\WINDOWS\SYSTEM32\windows.storage.dll
0x00007ff98a560000 - 0x00007ff98a66c000 	C:\WINDOWS\System32\SHCORE.dll
0x00007ff98a7d0000 - 0x00007ff98a839000 	C:\WINDOWS\System32\shlwapi.dll
0x00007ff989510000 - 0x00007ff98953b000 	C:\WINDOWS\SYSTEM32\profapi.dll
0x00007ff981ad0000 - 0x00007ff981ae0000 	C:\Program Files\Java\jdk-21\bin\net.dll
0x00007ff9842d0000 - 0x00007ff9843fc000 	C:\WINDOWS\SYSTEM32\WINHTTP.dll
0x00007ff988a40000 - 0x00007ff988aa9000 	C:\WINDOWS\system32\mswsock.dll
0x00007ff971b70000 - 0x00007ff971b86000 	C:\Program Files\Java\jdk-21\bin\nio.dll
0x00007ff96cfe0000 - 0x00007ff96cff8000 	C:\Program Files\Java\jdk-21\bin\zip.dll
0x00007ff988040000 - 0x00007ff98806d000 	C:\WINDOWS\SYSTEM32\IPHLPAPI.DLL
0x00007ff98ba00000 - 0x00007ff98ba09000 	C:\WINDOWS\System32\NSI.dll
0x00007ff9880b0000 - 0x00007ff9881a8000 	C:\WINDOWS\SYSTEM32\DNSAPI.dll
0x00007ff97fb90000 - 0x00007ff97fb9a000 	C:\Windows\System32\rasadhlp.dll
0x00007ff981c90000 - 0x00007ff981d14000 	C:\WINDOWS\System32\fwpuclnt.dll

dbghelp: loaded successfully - version: 4.0.5 - missing functions: none
symbol engine: initialized successfully - sym options: 0x614 - pdb path: .;C:\Program Files\Java\jdk-21\bin;C:\WINDOWS\SYSTEM32;C:\WINDOWS\WinSxS\amd64_microsoft.windows.common-controls_6595b64144ccf1df_6.0.22621.5547_none_27104afb73855772;C:\Program Files\Java\jdk-21\bin\server

VM Arguments:
jvm_args: -XX:TieredStopAtLevel=1 
java_command: com.zaphira.notification.NotificationServiceApplication
java_class_path (initial): C:\Users\HP\Downloads\zaphira-24-12-2025\services-tree\notification-service\target\classes;C:\Users\HP\.m2\repository\com\zaphira\common-library\1.0.0-SNAPSHOT\common-library-1.0.0-SNAPSHOT.jar;C:\Users\HP\.m2\repository\org\springframework\boot\spring-boot\3.2.3\spring-boot-3.2.3.jar;C:\Users\HP\.m2\repository\org\springframework\boot\spring-boot-autoconfigure\3.2.3\spring-boot-autoconfigure-3.2.3.jar;C:\Users\HP\.m2\repository\ch\qos\logback\logback-classic\1.4.14\logback-classic-1.4.14.jar;C:\Users\HP\.m2\repository\ch\qos\logback\logback-core\1.4.14\logback-core-1.4.14.jar;C:\Users\HP\.m2\repository\org\apache\logging\log4j\log4j-to-slf4j\2.21.1\log4j-to-slf4j-2.21.1.jar;C:\Users\HP\.m2\repository\org\apache\logging\log4j\log4j-api\2.21.1\log4j-api-2.21.1.jar;C:\Users\HP\.m2\repository\org\slf4j\jul-to-slf4j\2.0.12\jul-to-slf4j-2.0.12.jar;C:\Users\HP\.m2\repository\jakarta\annotation\jakarta.annotation-api\2.1.1\jakarta.annotation-api-2.1.1.jar;C:\Users\HP\.m2\repository\org\yaml\snakeyaml\2.2\snakeyaml-2.2.jar;C:\Users\HP\.m2\repository\jakarta\validation\jakarta.validation-api\3.0.2\jakarta.validation-api-3.0.2.jar;C:\Users\HP\.m2\repository\jakarta\persistence\jakarta.persistence-api\3.1.0\jakarta.persistence-api-3.1.0.jar;C:\Users\HP\.m2\repository\org\springframework\data\spring-data-jpa\3.2.3\spring-data-jpa-3.2.3.jar;C:\Users\HP\.m2\repository\org\springframework\data\spring-data-commons\3.2.3\spring-data-commons-3.2.3.jar;C:\Users\HP\.m2\repository\org\springframework\spring-orm\6.1.4\spring-orm-6.1.4.jar;C:\Users\HP\.m2\repository\org\springframework\spring-aop\6.1.4\spring-aop-6.1.4.jar;C:\Users\HP\.m2\repository\org\springframework\spring-beans\6.1.4\spring-beans-6.1.4.jar;C:\Users\HP\.m2\repository\org\antlr\antlr4-runtime\4.13.0\antlr4-runtime-4.13.0.jar;C:\Users\HP\.m2\repository\com\fasterxml\jackson\datatype\jackson-datatype-jsr310\2.15.4\jackson-datatype-jsr310-2.15.4.jar;C:\Users\HP\.m2\repository\com\fasterxml\jackson\datatype\jackson-datatype-jdk8\2.15.4\jackson-datatype-jdk8-2.15.4.jar;C:\Users\HP\.m2\repository\com\fasterxml\jackson\module\jackson-module-parameter-names\2.15.4\jackson-module-parameter-names-2.15.4.jar;C:\Users\HP\.m2\repository\org\apache\tomcat\embed\tomcat-embed-core\10.1.19\tomcat-embed-core-10.1.19.jar;C:\Users\HP\.m2\repository\org\apache\tomcat\embed\tomcat-embed-el\10.1.19\tomcat-embed-el-10.1.19.jar;C:\Users\HP\.m2\repository\org\apache\tomcat\embed\tomcat-embed-websocket\10.1.19\tomcat-embed-websocket-10.1.19.jar;C:\Users\HP\.m2\repository\org\springframework\spring-web\6.1.4\spring-web-6.1.4.jar;C:\Users\HP\.m2\repository\org\springframework\spring-webmvc\6.1.4\spring-webmvc-6.1.4.jar;C:\Users\HP\.m2\repository\org\springframework\spring-expression\6.1.4\spring-expression-6.1.4.jar;C:\Users\HP\.m2\repository\org\springframework\kafka\spring-kafka\3.1.2\spring-kafka-3.1.2.jar;C:\Users\HP\.m2\repository\org\springframework\spring-context\6.1.4\spring-context-6.1.4.jar;C:\Users\HP\.m2\repository\org\springframework\spring-messaging\6.1.4\spring-messaging-6.1.4.jar;C:\Users\HP\.m2\repository\org\springframework\spring-tx\6.1.4\spring-tx-6.1.4.jar;C:\Users\HP\.m2\repository\org\springframework\retry\spring-retry\2.0.5\spring-retry-2.0.5.jar;C:\Users\HP\.m2\repository\org\apache\kafka\kafka-clients\3.6.1\kafka-clients-3.6.1.jar;C:\Users\HP\.m2\repository\com\github\luben\zstd-jni\1.5.5-1\zstd-jni-1.5.5-1.jar;C:\Users\HP\.m2\repository\org\lz4\lz4-java\1.8.0\lz4-java-1.8.0.jar;C:\Users\HP\.m2\repository\org\xerial\snappy\snappy-java\1.1.10.5\snappy-java-1.1.10.5.jar;C:\Users\HP\.m2\repository\io\micrometer\micrometer-observation\1.12.3\micrometer-observation-1.12.3.jar;C:\Users\HP\.m2\repository\io\micrometer\micrometer-commons\1.12.3\micrometer-commons-1.12.3.jar;C:\Users\HP\.m2\repository\com\google\code\findbugs\jsr305\3.0.2\jsr305-3.0.2.jar;C:\Users\HP\.m2\repository\org\springframework\spring-context-support\6.1.4\spring-context-support-6.1.4.jar;C:\Users\HP\.m2\repository\org\eclipse\angus\jakarta.mail\2.0.2\jakarta.mail-2.0.2.jar;C:\Users\HP\.m2\repository\jakarta\activation\jakarta.activation-api\2.1.2\jakarta.activation-api-2.1.2.jar;C:\Users\HP\.m2\repository\org\eclipse\angus\angus-activation\2.0.1\angus-activation-2.0.1.jar;C:\Users\HP\.m2\repository\io\projectreactor\netty\reactor-netty-http\1.1.16\reactor-netty-http-1.1.16.jar;C:\Users\HP\.m2\repository\io\netty\netty-codec-http\4.1.107.Final\netty-codec-http-4.1.107.Final.jar;C:\Users\HP\.m2\repository\io\netty\netty-common\4.1.107.Final\netty-common-4.1.107.Final.jar;C:\Users\HP\.m2\repository\io\netty\netty-buffer\4.1.107.Final\netty-buffer-4.1.107.Final.jar;C:\Users\HP\.m2\repository\io\netty\netty-transport\4.1.107.Final\netty-transport-4.1.107.Final.jar;C:\Users\HP\.m2\repository\io\netty\netty-codec\4.1.107.Final\netty-codec-4.1.107.Final.jar;C:\Users\HP\.m2\repository\io\netty\netty-handler\4.1.107.Final\netty-handler-4.1.107.Final.jar;C:\Users\HP\.m2\repository\io\netty\netty-codec-http2\4.1.107.Final\netty-codec-http2-4.1.107.Final.jar;C:\Users\HP\.m2\repository\io\netty\netty-resolver-dns\4.1.107.Final\netty-resolver-dns-4.1.107.Final.jar;C:\Users\HP\.m2\repository\io\netty\netty-resolver\4.1.107.Final\netty-resolver-4.1.107.Final.jar;C:\Users\HP\.m2\repository\io\netty\netty-codec-dns\4.1.107.Final\netty-codec-dns-4.1.107.Final.jar;C:\Users\HP\.m2\repository\io\netty\netty-resolver-dns-native-macos\4.1.107.Final\netty-resolver-dns-native-macos-4.1.107.Final-osx-x86_64.jar;C:\Users\HP\.m2\repository\io\netty\netty-resolver-dns-classes-macos\4.1.107.Final\netty-resolver-dns-classes-macos-4.1.107.Final.jar;C:\Users\HP\.m2\repository\io\netty\netty-transport-native-epoll\4.1.107.Final\netty-transport-native-epoll-4.1.107.Final-linux-x86_64.jar;C:\Users\HP\.m2\repository\io\netty\netty-transport-native-unix-common\4.1.107.Final\netty-transport-native-unix-common-4.1.107.Final.jar;C:\Users\HP\.m2\repository\io\netty\netty-transport-classes-epoll\4.1.107.Final\netty-transport-classes-epoll-4.1.107.Final.jar;C:\Users\HP\.m2\repository\io\projectreactor\netty\reactor-netty-core\1.1.16\reactor-netty-core-1.1.16.jar;C:\Users\HP\.m2\repository\io\netty\netty-handler-proxy\4.1.107.Final\netty-handler-proxy-4.1.107.Final.jar;C:\Users\HP\.m2\repository\io\netty\netty-codec-socks\4.1.107.Final\netty-codec-socks-4.1.107.Final.jar;C:\Users\HP\.m2\repository\org\springframework\spring-webflux\6.1.4\spring-webflux-6.1.4.jar;C:\Users\HP\.m2\repository\io\projectreactor\reactor-core\3.6.3\reactor-core-3.6.3.jar;C:\Users\HP\.m2\repository\org\reactivestreams\reactive-streams\1.0.4\reactive-streams-1.0.4.jar;C:\Users\HP\.m2\repository\org\springframework\cloud\spring-cloud-starter-openfeign\4.1.1\spring-cloud-starter-openfeign-4.1.1.jar;C:\Users\HP\.m2\repository\org\springframework\cloud\spring-cloud-starter\4.1.2\spring-cloud-starter-4.1.2.jar;C:\Users\HP\.m2\repository\org\springframework\cloud\spring-cloud-context\4.1.2\spring-cloud-context-4.1.2.jar;C:\Users\HP\.m2\repository\org\springframework\security\spring-security-rsa\1.1.2\spring-security-rsa-1.1.2.jar;C:\Users\HP\.m2\repository\org\bouncycastle\bcprov-jdk18on\1.77\bcprov-jdk18on-1.77.jar;C:\Users\HP\.m2\repository\org\springframework\cloud\spring-cloud-openfeign-core\4.1.1\spring-cloud-openfeign-core-4.1.1.jar;C:\Users\HP\.m2\repository\io\github\openfeign\form\feign-form-spring\3.8.0\feign-form-spring-3.8.0.jar;C:\Users\HP\.m2\repository\io\github\openfeign\form\feign-form\3.8.0\feign-form-3.8.0.jar;C:\Users\HP\.m2\repository\commons-fileupload\commons-fileupload\1.5\commons-fileupload-1.5.jar;C:\Users\HP\.m2\repository\org\springframework\cloud\spring-cloud-commons\4.1.2\spring-cloud-commons-4.1.2.jar;C:\Users\HP\.m2\repository\org\springframework\security\spring-security-crypto\6.2.2\spring-security-crypto-6.2.2.jar;C:\Users\HP\.m2\repository\io\github\openfeign\feign-core\13.2.1\feign-core-13.2.1.jar;C:\Users\HP\.m2\repository\io\github\openfeign\feign-slf4j\13.2.1\feign-slf4j-13.2.1.jar;C:\Users\HP\.m2\repository\com\fasterxml\jackson\core\jackson-databind\2.15.4\jackson-databind-2.15.4.jar;C:\Users\HP\.m2\repository\com\fasterxml\jackson\core\jackson-annotations\2.15.4\jackson-annotations-2.15.4.jar;C:\Users\HP\.m2\repository\com\fasterxml\jackson\core\jackson-core\2.15.4\jackson-core-2.15.4.jar;C:\Users\HP\.m2\repository\org\aspectj\aspectjweaver\1.9.21\aspectjweaver-1.9.21.jar;C:\Users\HP\.m2\repository\com\zaxxer\HikariCP\5.0.1\HikariCP-5.0.1.jar;C:\Users\HP\.m2\repository\org\springframework\spring-jdbc\6.1.4\spring-jdbc-6.1.4.jar;C:\Users\HP\.m2\repository\org\hibernate\orm\hibernate-core\6.4.4.Final\hibernate-core-6.4.4.Final.jar;C:\Users\HP\.m2\repository\jakarta\transaction\jakarta.transaction-api\2.0.1\jakarta.transaction-api-2.0.1.jar;C:\Users\HP\.m2\repository\org\jboss\logging\jboss-logging\3.5.3.Final\jboss-logging-3.5.3.Final.jar;C:\Users\HP\.m2\repository\org\hibernate\common\hibernate-commons-annotations\6.0.6.Final\hibernate-commons-annotations-6.0.6.Final.jar;C:\Users\HP\.m2\repository\io\smallrye\jandex\3.1.2\jandex-3.1.2.jar;C:\Users\HP\.m2\repository\com\fasterxml\classmate\1.6.0\classmate-1.6.0.jar;C:\Users\HP\.m2\repository\net\bytebuddy\byte-buddy\1.14.12\byte-buddy-1.14.12.jar;C:\Users\HP\.m2\repository\org\glassfish\jaxb\jaxb-runtime\4.0.4\jaxb-runtime-4.0.4.jar;C:\Users\HP\.m2\repository\org\glassfish\jaxb\jaxb-core\4.0.4\jaxb-core-4.0.4.jar;C:\Users\HP\.m2\repository\org\glassfish\jaxb\txw2\4.0.4\txw2-4.0.4.jar;C:\Users\HP\.m2\repository\com\sun\istack\istack-commons-runtime\4.1.2\istack-commons-runtime-4.1.2.jar;C:\Users\HP\.m2\repository\jakarta\inject\jakarta.inject-api\2.0.1\jakarta.inject-api-2.0.1.jar;C:\Users\HP\.m2\repository\org\springframework\spring-aspects\6.1.4\spring-aspects-6.1.4.jar;C:\Users\HP\.m2\repository\com\h2database\h2\2.2.224\h2-2.2.224.jar;C:\Users\HP\.m2\repository\jakarta\xml\bind\jakarta.xml.bind-api\4.0.1\jakarta.xml.bind-api-4.0.1.jar;C:\Users\HP\.m2\repository\org\springframework\spring-core\6.1.4\spring-core-6.1.4.jar;C:\Users\HP\.m2\repository\org\springframework\spring-jcl\6.1.4\spring-jcl-6.1.4.jar;C:\Users\HP\.m2\repository\org\projectlombok\lombok\1.18.30\lombok-1.18.30.jar;C:\Users\HP\.m2\repository\com\twilio\sdk\twilio\8.31.1\twilio-8.31.1.jar;C:\Users\HP\.m2\repository\commons-codec\commons-codec\1.16.1\commons-codec-1.16.1.jar;C:\Users\HP\.m2\repository\commons-io\commons-io\2.7\commons-io-2.7.jar;C:\Users\HP\.m2\repository\io\jsonwebtoken\jjwt-api\0.11.2\jjwt-api-0.11.2.jar;C:\Users\HP\.m2\repository\io\jsonwebtoken\jjwt-jackson\0.11.2\jjwt-jackson-0.11.2.jar;C:\Users\HP\.m2\repository\io\jsonwebtoken\jjwt-impl\0.11.2\jjwt-impl-0.11.2.jar;C:\Users\HP\.m2\repository\org\apache\httpcomponents\httpclient\4.5.13\httpclient-4.5.13.jar;C:\Users\HP\.m2\repository\commons-logging\commons-logging\1.2\commons-logging-1.2.jar;C:\Users\HP\.m2\repository\org\apache\httpcomponents\httpcore\4.4.16\httpcore-4.4.16.jar;C:\Users\HP\.m2\repository\com\fasterxml\jackson\dataformat\jackson-dataformat-xml\2.15.4\jackson-dataformat-xml-2.15.4.jar;C:\Users\HP\.m2\repository\org\codehaus\woodstox\stax2-api\4.2.1\stax2-api-4.2.1.jar;C:\Users\HP\.m2\repository\com\fasterxml\woodstox\woodstox-core\6.5.1\woodstox-core-6.5.1.jar;C:\Users\HP\.m2\repository\org\slf4j\slf4j-api\2.0.12\slf4j-api-2.0.12.jar;C:\Users\HP\.m2\repository\javax\xml\bind\jaxb-api\2.3.1\jaxb-api-2.3.1.jar;C:\Users\HP\.m2\repository\javax\activation\javax.activation-api\1.2.0\javax.activation-api-1.2.0.jar
Launcher Type: SUN_STANDARD

[Global flags]
     intx CICompilerCount                          = 4                                         {product} {ergonomic}
     uint ConcGCThreads                            = 2                                         {product} {ergonomic}
     uint G1ConcRefinementThreads                  = 8                                         {product} {ergonomic}
   size_t G1HeapRegionSize                         = 2097152                                   {product} {ergonomic}
    uintx GCDrainStackTargetSize                   = 64                                        {product} {ergonomic}
   size_t InitialHeapSize                          = 266338304                                 {product} {ergonomic}
   size_t MarkStackSize                            = 4194304                                   {product} {ergonomic}
   size_t MaxHeapSize                              = 4238344192                                {product} {ergonomic}
   size_t MaxNewSize                               = 2541748224                                {product} {ergonomic}
   size_t MinHeapDeltaBytes                        = 2097152                                   {product} {ergonomic}
   size_t MinHeapSize                              = 8388608                                   {product} {ergonomic}
    uintx NonNMethodCodeHeapSize                   = 4096                                   {pd product} {ergonomic}
    uintx NonProfiledCodeHeapSize                  = 0                                      {pd product} {ergonomic}
     bool ProfileInterpreter                       = false                                  {pd product} {command line}
    uintx ProfiledCodeHeapSize                     = 0                                      {pd product} {ergonomic}
   size_t SoftMaxHeapSize                          = 4238344192                             {manageable} {ergonomic}
     intx TieredStopAtLevel                        = 1                                         {product} {command line}
     bool UseCompressedOops                        = true                           {product lp64_product} {ergonomic}
     bool UseG1GC                                  = true                                      {product} {ergonomic}
     bool UseLargePagesIndividualAllocation        = false                                  {pd product} {ergonomic}

Logging:
Log output configuration:
 #0: stdout all=warning uptime,level,tags foldmultilines=false
 #1: stderr all=off uptime,level,tags foldmultilines=false

Environment Variables:
JAVA_HOME=C:\Program Files\Java\jdk-21
PATH=c:\Users\HP\AppData\Roaming\Code\User\globalStorage\github.copilot-chat\debugCommand;c:\Users\HP\AppData\Roaming\Code\User\globalStorage\github.copilot-chat\copilotCli;C:\Program Files\Common Files\Oracle\Java\javapath;C:\Program Files\Python312\Scripts\;C:\Program Files\Python312\;C:\WINDOWS\system32;C:\WINDOWS;C:\WINDOWS\System32\Wbem;C:\WINDOWS\System32\WindowsPowerShell\v1.0\;C:\WINDOWS\System32\OpenSSH\;C:\Program Files\PuTTY\;C:\Program Files\nodejs\;C:\Program Files\Git\cmd;C:\Users\HP\AppData\Roaming\Python\Python312\Scripts;C:\Program Files\apache-maven-3.9.8\bin;C:\xampp\php;C:\ProgramData\ComposerSetup\bin;C:\ProgramData\chocolatey\bin;C:\Program Files\CMake\bin;C:\Users\HP\AppData\Local\Microsoft\WindowsApps;C:\Users\HP\AppData\Local\Programs\Microsoft VS Code\bin;C:\Users\HP\AppData\Roaming\npm;C:\Users\HP\AppData\Roaming\Python\Python312\Scripts;C:\Program Files\Python312\Scripts\;C:\Program Files\Python312;C:\Users\HP\AppData\Roaming\Composer\vendor\bin;C:\server\php;C:\Program Files\OpenSSL-Win64\bin;C:\Users\HP\Downloads\ngrok-v3-stable-windows-amd64;C:\Program Files\OpenSSL-Win64\lib;C:\Program Files\CodeBlocks\MinGW\bin;C:\xampp\mysql\bin;C:\Program Files (x86)\Nmap;C:\Program Files\Java\jdk-21\bin;c:\Users\HP\.vscode\extensions\vscjava.vscode-java-debug-0.58.5\bundled\scripts\noConfigScripts;c:\Users\HP\.vscode\extensions\ms-python.debugpy-2025.18.0-win32-x64\bundled\scripts\noConfigScripts
USERNAME=HP
LANG=en_US.UTF-8
OS=Windows_NT
PROCESSOR_IDENTIFIER=Intel64 Family 6 Model 126 Stepping 5, GenuineIntel
TMP=C:\Users\HP\AppData\Local\Temp
TEMP=C:\Users\HP\AppData\Local\Temp




Periodic native trim disabled

---------------  S Y S T E M  ---------------

OS:
 Windows 11 , 64 bit Build 22621 (10.0.22621.5415)
OS uptime: 1 days 18:13 hours
Hyper-V role detected

CPU: total 8 (initial active 8) (4 cores per cpu, 2 threads per core) family 6 model 126 stepping 5 microcode 0xa8, cx8, cmov, fxsr, ht, mmx, 3dnowpref, sse, sse2, sse3, ssse3, sse4.1, sse4.2, popcnt, lzcnt, tsc, tscinvbit, avx, avx2, aes, erms, clmul, bmi1, bmi2, adx, avx512f, avx512dq, avx512cd, avx512bw, avx512vl, sha, fma, vzeroupper, avx512_vpopcntdq, avx512_vpclmulqdq, avx512_vaes, avx512_vnni, clflush, clflushopt, avx512_vbmi2, avx512_vbmi, hv, rdtscp, rdpid, fsrm, gfni, avx512_bitalg, f16c, avx512_ifma
Processor Information for all 8 processors :
  Max Mhz: 1498, Current Mhz: 1298, Mhz Limit: 1288

Memory: 4k page, system-wide physical 16161M (2294M free)
TotalPageFile size 18593M (AvailPageFile size 3M)
current process WorkingSet (physical memory assigned to process): 92M, peak: 92M
current process commit charge ("private bytes"): 357M, peak: 357M

vm_info: Java HotSpot(TM) 64-Bit Server VM (21.0.9+7-LTS-338) for windows-amd64 JRE (21.0.9+7-LTS-338), built on 2025-09-26T06:33:49Z by "mach5run" with MS VC++ 17.6 (VS2022)

END.
